Command line invocation:
    /Applications/Xcode.app/Contents/Developer/usr/bin/xcodebuild -project iosApp/iosApp.xcodeproj -scheme iosApp -configuration Debug -sdk iphonesimulator -destination "platform=iOS Simulator,id=5CB2AEA8-EF44-4B86-9BC2-009556D33985" build

Build settings from command line:
    SDKROOT = iphonesimulator26.2

Resolve Package Graph


Resolved source packages:
  RevenueCat: https://github.com/RevenueCat/purchases-ios-spm @ 5.60.0
  PurchasesHybridCommon: https://github.com/RevenueCat/purchases-hybrid-common @ 17.42.0

ComputePackagePrebuildTargetDependencyGraph

Prepare packages

CreateBuildRequest

SendProjectDescription

CreateBuildOperation

ComputeTargetDependencyGraph
note: Building targets in dependency order
note: Target dependency graph (11 targets)
    Target 'iosApp' in project 'iosApp'
        ➜ Explicit dependency on target 'PurchasesHybridCommonUI' in project 'PurchasesHybridCommon'
        ➜ Explicit dependency on target 'PurchasesHybridCommon' in project 'PurchasesHybridCommon'
    Target 'PurchasesHybridCommon' in project 'PurchasesHybridCommon'
        ➜ Explicit dependency on target 'PurchasesHybridCommon' in project 'PurchasesHybridCommon'
        ➜ Explicit dependency on target 'RevenueCat' in project 'RevenueCat'
    Target 'PurchasesHybridCommonUI' in project 'PurchasesHybridCommon'
        ➜ Explicit dependency on target 'PurchasesHybridCommonUI' in project 'PurchasesHybridCommon'
        ➜ Explicit dependency on target 'PurchasesHybridCommon' in project 'PurchasesHybridCommon'
        ➜ Explicit dependency on target 'RevenueCat' in project 'RevenueCat'
        ➜ Explicit dependency on target 'RevenueCatUI' in project 'RevenueCat'
    Target 'PurchasesHybridCommonUI' in project 'PurchasesHybridCommon'
        ➜ Explicit dependency on target 'PurchasesHybridCommon' in project 'PurchasesHybridCommon'
        ➜ Explicit dependency on target 'RevenueCat' in project 'RevenueCat'
        ➜ Explicit dependency on target 'RevenueCatUI' in project 'RevenueCat'
    Target 'RevenueCatUI' in project 'RevenueCat'
        ➜ Explicit dependency on target 'RevenueCatUI' in project 'RevenueCat'
        ➜ Explicit dependency on target 'RevenueCat_RevenueCatUI' in project 'RevenueCat'
        ➜ Explicit dependency on target 'RevenueCat' in project 'RevenueCat'
    Target 'RevenueCatUI' in project 'RevenueCat'
        ➜ Explicit dependency on target 'RevenueCat_RevenueCatUI' in project 'RevenueCat'
        ➜ Explicit dependency on target 'RevenueCat' in project 'RevenueCat'
    Target 'RevenueCat_RevenueCatUI' in project 'RevenueCat' (no dependencies)
    Target 'PurchasesHybridCommon' in project 'PurchasesHybridCommon'
        ➜ Explicit dependency on target 'RevenueCat' in project 'RevenueCat'
    Target 'RevenueCat' in project 'RevenueCat'
        ➜ Explicit dependency on target 'RevenueCat' in project 'RevenueCat'
        ➜ Explicit dependency on target 'RevenueCat_RevenueCat' in project 'RevenueCat'
    Target 'RevenueCat' in project 'RevenueCat'
        ➜ Explicit dependency on target 'RevenueCat_RevenueCat' in project 'RevenueCat'
    Target 'RevenueCat_RevenueCat' in project 'RevenueCat' (no dependencies)

GatherProvisioningInputs

CreateBuildDescription

ExecuteExternalTool /Applications/Xcode.app/Contents/Developer/Toolchains/XcodeDefault.xctoolchain/usr/bin/clang -v -E -dM -isysroot /Applications/Xcode.app/Contents/Developer/Platforms/iPhoneSimulator.platform/Developer/SDKs/iPhoneSimulator26.2.sdk -x c -c /dev/null

ExecuteExternalTool /Applications/Xcode.app/Contents/Developer/Toolchains/XcodeDefault.xctoolchain/usr/bin/swiftc --version

ExecuteExternalTool /Applications/Xcode.app/Contents/Developer/usr/bin/actool --print-asset-tag-combinations --output-format xml1 /Users/hieuvu/Projects/supabase-storage-client/iosApp/iosApp/Preview Content/Preview Assets.xcassets /Users/hieuvu/Projects/supabase-storage-client/iosApp/iosApp/Assets.xcassets

ExecuteExternalTool /Applications/Xcode.app/Contents/Developer/usr/bin/ibtool --version --output-format xml1

ExecuteExternalTool /Applications/Xcode.app/Contents/Developer/usr/bin/actool --version --output-format xml1

ExecuteExternalTool /Applications/Xcode.app/Contents/Developer/Toolchains/XcodeDefault.xctoolchain/usr/bin/ld -version_details

ReadFileContents /Applications/Xcode.app/Contents/Developer/Toolchains/XcodeDefault.xctoolchain/usr/share/docc/features.json

Build description signature: d0ab4f3f70b80dd83e8ed069c04987cb
Build description path: /Users/hieuvu/Library/Developer/Xcode/DerivedData/iosApp-bizzlwxnbcgzzldgvticrfgfpivi/Build/Intermediates.noindex/XCBuildData/d0ab4f3f70b80dd83e8ed069c04987cb.xcbuilddata
ClangStatCache /Applications/Xcode.app/Contents/Developer/Toolchains/XcodeDefault.xctoolchain/usr/bin/clang-stat-cache /Applications/Xcode.app/Contents/Developer/Platforms/iPhoneSimulator.platform/Developer/SDKs/iPhoneSimulator26.2.sdk /Users/hieuvu/Library/Developer/Xcode/DerivedData/SDKStatCaches.noindex/iphonesimulator26.2-23C57-7d00a8b37fbd7999ea79df8ebc024bf0.sdkstatcache
    cd /Users/hieuvu/Projects/supabase-storage-client/iosApp/iosApp.xcodeproj
    /Applications/Xcode.app/Contents/Developer/Toolchains/XcodeDefault.xctoolchain/usr/bin/clang-stat-cache /Applications/Xcode.app/Contents/Developer/Platforms/iPhoneSimulator.platform/Developer/SDKs/iPhoneSimulator26.2.sdk -o /Users/hieuvu/Library/Developer/Xcode/DerivedData/SDKStatCaches.noindex/iphonesimulator26.2-23C57-7d00a8b37fbd7999ea79df8ebc024bf0.sdkstatcache

ProcessInfoPlistFile /Users/hieuvu/Library/Developer/Xcode/DerivedData/iosApp-bizzlwxnbcgzzldgvticrfgfpivi/Build/Products/Debug-iphonesimulator/RevenueCat_RevenueCat.bundle/Info.plist /Users/hieuvu/Library/Developer/Xcode/DerivedData/iosApp-bizzlwxnbcgzzldgvticrfgfpivi/Build/Intermediates.noindex/RevenueCat.build/Debug-iphonesimulator/RevenueCat_RevenueCat.build/empty-RevenueCat_RevenueCat.plist (in target 'RevenueCat_RevenueCat' from project 'RevenueCat')
    cd /Users/hieuvu/Library/Developer/Xcode/DerivedData/iosApp-bizzlwxnbcgzzldgvticrfgfpivi/SourcePackages/checkouts/purchases-ios-spm
    builtin-infoPlistUtility /Users/hieuvu/Library/Developer/Xcode/DerivedData/iosApp-bizzlwxnbcgzzldgvticrfgfpivi/Build/Intermediates.noindex/RevenueCat.build/Debug-iphonesimulator/RevenueCat_RevenueCat.build/empty-RevenueCat_RevenueCat.plist -producttype com.apple.product-type.bundle -expandbuildsettings -format binary -platform iphonesimulator -o /Users/hieuvu/Library/Developer/Xcode/DerivedData/iosApp-bizzlwxnbcgzzldgvticrfgfpivi/Build/Products/Debug-iphonesimulator/RevenueCat_RevenueCat.bundle/Info.plist

ProcessInfoPlistFile /Users/hieuvu/Library/Developer/Xcode/DerivedData/iosApp-bizzlwxnbcgzzldgvticrfgfpivi/Build/Products/Debug-iphonesimulator/RevenueCat_RevenueCatUI.bundle/Info.plist /Users/hieuvu/Library/Developer/Xcode/DerivedData/iosApp-bizzlwxnbcgzzldgvticrfgfpivi/Build/Intermediates.noindex/RevenueCat.build/Debug-iphonesimulator/RevenueCat_RevenueCatUI.build/empty-RevenueCat_RevenueCatUI.plist (in target 'RevenueCat_RevenueCatUI' from project 'RevenueCat')
    cd /Users/hieuvu/Library/Developer/Xcode/DerivedData/iosApp-bizzlwxnbcgzzldgvticrfgfpivi/SourcePackages/checkouts/purchases-ios-spm
    builtin-infoPlistUtility /Users/hieuvu/Library/Developer/Xcode/DerivedData/iosApp-bizzlwxnbcgzzldgvticrfgfpivi/Build/Intermediates.noindex/RevenueCat.build/Debug-iphonesimulator/RevenueCat_RevenueCatUI.build/empty-RevenueCat_RevenueCatUI.plist -producttype com.apple.product-type.bundle -expandbuildsettings -format binary -platform iphonesimulator -additionalcontentfile /Users/hieuvu/Library/Developer/Xcode/DerivedData/iosApp-bizzlwxnbcgzzldgvticrfgfpivi/Build/Intermediates.noindex/RevenueCat.build/Debug-iphonesimulator/RevenueCat_RevenueCatUI.build/assetcatalog_generated_info.plist -o /Users/hieuvu/Library/Developer/Xcode/DerivedData/iosApp-bizzlwxnbcgzzldgvticrfgfpivi/Build/Products/Debug-iphonesimulator/RevenueCat_RevenueCatUI.bundle/Info.plist

note: Run script build phase 'Compile Kotlin Framework' will be run during every build because the option to run the script phase "Based on dependency analysis" is unchecked. (in target 'iosApp' from project 'iosApp')
ProcessProductPackaging "" /Users/hieuvu/Library/Developer/Xcode/DerivedData/iosApp-bizzlwxnbcgzzldgvticrfgfpivi/Build/Intermediates.noindex/iosApp.build/Debug-iphonesimulator/iosApp.build/Supabuckt.app-Simulated.xcent (in target 'iosApp' from project 'iosApp')
    cd /Users/hieuvu/Projects/supabase-storage-client/iosApp
    
    Entitlements:
    
    {
    "application-identifier" = "GS2V32ACLJ.com.crafted.supabuckt";
}
    
    builtin-productPackagingUtility -entitlements -format xml -o /Users/hieuvu/Library/Developer/Xcode/DerivedData/iosApp-bizzlwxnbcgzzldgvticrfgfpivi/Build/Intermediates.noindex/iosApp.build/Debug-iphonesimulator/iosApp.build/Supabuckt.app-Simulated.xcent

Ld /Users/hieuvu/Library/Developer/Xcode/DerivedData/iosApp-bizzlwxnbcgzzldgvticrfgfpivi/Build/Products/Debug-iphonesimulator/RevenueCat.o normal (in target 'RevenueCat' from project 'RevenueCat')
    cd /Users/hieuvu/Library/Developer/Xcode/DerivedData/iosApp-bizzlwxnbcgzzldgvticrfgfpivi/SourcePackages/checkouts/purchases-ios-spm
    /Applications/Xcode.app/Contents/Developer/Toolchains/XcodeDefault.xctoolchain/usr/bin/clang -Xlinker -reproducible -target arm64-apple-ios13.0-simulator -r -isysroot /Applications/Xcode.app/Contents/Developer/Platforms/iPhoneSimulator.platform/Developer/SDKs/iPhoneSimulator26.2.sdk -O0 -w -L/Users/hieuvu/Library/Developer/Xcode/DerivedData/iosApp-bizzlwxnbcgzzldgvticrfgfpivi/Build/Intermediates.noindex/EagerLinkingTBDs/Debug-iphonesimulator -L/Users/hieuvu/Library/Developer/Xcode/DerivedData/iosApp-bizzlwxnbcgzzldgvticrfgfpivi/Build/Products/Debug-iphonesimulator -L/Applications/Xcode.app/Contents/Developer/Platforms/iPhoneSimulator.platform/Developer/usr/lib -F/Users/hieuvu/Library/Developer/Xcode/DerivedData/iosApp-bizzlwxnbcgzzldgvticrfgfpivi/Build/Intermediates.noindex/EagerLinkingTBDs/Debug-iphonesimulator -F/Users/hieuvu/Library/Developer/Xcode/DerivedData/iosApp-bizzlwxnbcgzzldgvticrfgfpivi/Build/Products/Debug-iphonesimulator -iframework /Applications/Xcode.app/Contents/Developer/Platforms/iPhoneSimulator.platform/Developer/Library/Frameworks -iframework /Applications/Xcode.app/Contents/Developer/Platforms/iPhoneSimulator.platform/Developer/SDKs/iPhoneSimulator26.2.sdk/Developer/Library/Frameworks -filelist /Users/hieuvu/Library/Developer/Xcode/DerivedData/iosApp-bizzlwxnbcgzzldgvticrfgfpivi/Build/Intermediates.noindex/RevenueCat.build/Debug-iphonesimulator/RevenueCat.build/Objects-normal/arm64/RevenueCat.LinkFileList -nostdlib -Xlinker -object_path_lto -Xlinker /Users/hieuvu/Library/Developer/Xcode/DerivedData/iosApp-bizzlwxnbcgzzldgvticrfgfpivi/Build/Intermediates.noindex/RevenueCat.build/Debug-iphonesimulator/RevenueCat.build/Objects-normal/arm64/RevenueCat_lto.o -rdynamic -Xlinker -no_deduplicate -Xlinker -objc_abi_version -Xlinker 2 -Xlinker -dependency_info -Xlinker /Users/hieuvu/Library/Developer/Xcode/DerivedData/iosApp-bizzlwxnbcgzzldgvticrfgfpivi/Build/Intermediates.noindex/RevenueCat.build/Debug-iphonesimulator/RevenueCat.build/Objects-normal/arm64/RevenueCat_dependency_info.dat -fobjc-link-runtime -L/Applications/Xcode.app/Contents/Developer/Toolchains/XcodeDefault.xctoolchain/usr/lib/swift/iphonesimulator -L/usr/lib/swift -Xlinker -add_ast_path -Xlinker /Users/hieuvu/Library/Developer/Xcode/DerivedData/iosApp-bizzlwxnbcgzzldgvticrfgfpivi/Build/Intermediates.noindex/RevenueCat.build/Debug-iphonesimulator/RevenueCat.build/Objects-normal/arm64/RevenueCat.swiftmodule @/Users/hieuvu/Library/Developer/Xcode/DerivedData/iosApp-bizzlwxnbcgzzldgvticrfgfpivi/Build/Intermediates.noindex/RevenueCat.build/Debug-iphonesimulator/RevenueCat.build/Objects-normal/arm64/RevenueCat-linker-args.resp -o /Users/hieuvu/Library/Developer/Xcode/DerivedData/iosApp-bizzlwxnbcgzzldgvticrfgfpivi/Build/Products/Debug-iphonesimulator/RevenueCat.o

ProcessProductPackagingDER /Users/hieuvu/Library/Developer/Xcode/DerivedData/iosApp-bizzlwxnbcgzzldgvticrfgfpivi/Build/Intermediates.noindex/iosApp.build/Debug-iphonesimulator/iosApp.build/Supabuckt.app-Simulated.xcent /Users/hieuvu/Library/Developer/Xcode/DerivedData/iosApp-bizzlwxnbcgzzldgvticrfgfpivi/Build/Intermediates.noindex/iosApp.build/Debug-iphonesimulator/iosApp.build/Supabuckt.app-Simulated.xcent.der (in target 'iosApp' from project 'iosApp')
    cd /Users/hieuvu/Projects/supabase-storage-client/iosApp
    /usr/bin/derq query -f xml -i /Users/hieuvu/Library/Developer/Xcode/DerivedData/iosApp-bizzlwxnbcgzzldgvticrfgfpivi/Build/Intermediates.noindex/iosApp.build/Debug-iphonesimulator/iosApp.build/Supabuckt.app-Simulated.xcent -o /Users/hieuvu/Library/Developer/Xcode/DerivedData/iosApp-bizzlwxnbcgzzldgvticrfgfpivi/Build/Intermediates.noindex/iosApp.build/Debug-iphonesimulator/iosApp.build/Supabuckt.app-Simulated.xcent.der --raw

ExtractAppIntentsMetadata (in target 'RevenueCat' from project 'RevenueCat')
    cd /Users/hieuvu/Library/Developer/Xcode/DerivedData/iosApp-bizzlwxnbcgzzldgvticrfgfpivi/SourcePackages/checkouts/purchases-ios-spm
    /Applications/Xcode.app/Contents/Developer/Toolchains/XcodeDefault.xctoolchain/usr/bin/appintentsmetadataprocessor --toolchain-dir /Applications/Xcode.app/Contents/Developer/Toolchains/XcodeDefault.xctoolchain --module-name RevenueCat --sdk-root /Applications/Xcode.app/Contents/Developer/Platforms/iPhoneSimulator.platform/Developer/SDKs/iPhoneSimulator26.2.sdk --xcode-version 17C529 --platform-family iOS --deployment-target 13.0 --bundle-identifier purchases-ios-spm.RevenueCat --output /Users/hieuvu/Library/Developer/Xcode/DerivedData/iosApp-bizzlwxnbcgzzldgvticrfgfpivi/Build/Products/Debug-iphonesimulator/RevenueCat.appintents --target-triple arm64-apple-ios13.0-simulator --binary-file /Users/hieuvu/Library/Developer/Xcode/DerivedData/iosApp-bizzlwxnbcgzzldgvticrfgfpivi/Build/Products/Debug-iphonesimulator/RevenueCat.o --dependency-file /Users/hieuvu/Library/Developer/Xcode/DerivedData/iosApp-bizzlwxnbcgzzldgvticrfgfpivi/Build/Intermediates.noindex/RevenueCat.build/Debug-iphonesimulator/RevenueCat.build/Objects-normal/arm64/RevenueCat_dependency_info.dat --stringsdata-file /Users/hieuvu/Library/Developer/Xcode/DerivedData/iosApp-bizzlwxnbcgzzldgvticrfgfpivi/Build/Intermediates.noindex/RevenueCat.build/Debug-iphonesimulator/RevenueCat.build/Objects-normal/arm64/ExtractedAppShortcutsMetadata.stringsdata --source-file-list /Users/hieuvu/Library/Developer/Xcode/DerivedData/iosApp-bizzlwxnbcgzzldgvticrfgfpivi/Build/Intermediates.noindex/RevenueCat.build/Debug-iphonesimulator/RevenueCat.build/Objects-normal/arm64/RevenueCat.SwiftFileList --metadata-file-list /Users/hieuvu/Library/Developer/Xcode/DerivedData/iosApp-bizzlwxnbcgzzldgvticrfgfpivi/Build/Intermediates.noindex/RevenueCat.build/Debug-iphonesimulator/RevenueCat.build/RevenueCat.DependencyMetadataFileList --static-metadata-file-list /Users/hieuvu/Library/Developer/Xcode/DerivedData/iosApp-bizzlwxnbcgzzldgvticrfgfpivi/Build/Intermediates.noindex/RevenueCat.build/Debug-iphonesimulator/RevenueCat.build/RevenueCat.DependencyStaticMetadataFileList --swift-const-vals-list /Users/hieuvu/Library/Developer/Xcode/DerivedData/iosApp-bizzlwxnbcgzzldgvticrfgfpivi/Build/Intermediates.noindex/RevenueCat.build/Debug-iphonesimulator/RevenueCat.build/Objects-normal/arm64/RevenueCat.SwiftConstValuesFileList --force --compile-time-extraction --deployment-aware-processing --validate-assistant-intents --no-app-shortcuts-localization
2026-03-08 21:41:46.940 appintentsmetadataprocessor[98469:30978676] Starting appintentsmetadataprocessor export
2026-03-08 21:41:47.181 appintentsmetadataprocessor[98469:30978676] Extracted no relevant App Intents symbols, skipping writing output

RegisterExecutionPolicyException /Users/hieuvu/Library/Developer/Xcode/DerivedData/iosApp-bizzlwxnbcgzzldgvticrfgfpivi/Build/Products/Debug-iphonesimulator/RevenueCat.o (in target 'RevenueCat' from project 'RevenueCat')
    cd /Users/hieuvu/Library/Developer/Xcode/DerivedData/iosApp-bizzlwxnbcgzzldgvticrfgfpivi/SourcePackages/checkouts/purchases-ios-spm
    builtin-RegisterExecutionPolicyException /Users/hieuvu/Library/Developer/Xcode/DerivedData/iosApp-bizzlwxnbcgzzldgvticrfgfpivi/Build/Products/Debug-iphonesimulator/RevenueCat.o

Ld /Users/hieuvu/Library/Developer/Xcode/DerivedData/iosApp-bizzlwxnbcgzzldgvticrfgfpivi/Build/Products/Debug-iphonesimulator/PurchasesHybridCommon.o normal (in target 'PurchasesHybridCommon' from project 'PurchasesHybridCommon')
    cd /Users/hieuvu/Library/Developer/Xcode/DerivedData/iosApp-bizzlwxnbcgzzldgvticrfgfpivi/SourcePackages/checkouts/purchases-hybrid-common
    /Applications/Xcode.app/Contents/Developer/Toolchains/XcodeDefault.xctoolchain/usr/bin/clang -Xlinker -reproducible -target arm64-apple-ios13.0-simulator -r -isysroot /Applications/Xcode.app/Contents/Developer/Platforms/iPhoneSimulator.platform/Developer/SDKs/iPhoneSimulator26.2.sdk -O0 -w -L/Users/hieuvu/Library/Developer/Xcode/DerivedData/iosApp-bizzlwxnbcgzzldgvticrfgfpivi/Build/Intermediates.noindex/EagerLinkingTBDs/Debug-iphonesimulator -L/Users/hieuvu/Library/Developer/Xcode/DerivedData/iosApp-bizzlwxnbcgzzldgvticrfgfpivi/Build/Products/Debug-iphonesimulator -L/Applications/Xcode.app/Contents/Developer/Platforms/iPhoneSimulator.platform/Developer/usr/lib -F/Users/hieuvu/Library/Developer/Xcode/DerivedData/iosApp-bizzlwxnbcgzzldgvticrfgfpivi/Build/Intermediates.noindex/EagerLinkingTBDs/Debug-iphonesimulator -F/Users/hieuvu/Library/Developer/Xcode/DerivedData/iosApp-bizzlwxnbcgzzldgvticrfgfpivi/Build/Products/Debug-iphonesimulator/PackageFrameworks -F/Users/hieuvu/Library/Developer/Xcode/DerivedData/iosApp-bizzlwxnbcgzzldgvticrfgfpivi/Build/Products/Debug-iphonesimulator -iframework /Applications/Xcode.app/Contents/Developer/Platforms/iPhoneSimulator.platform/Developer/Library/Frameworks -iframework /Applications/Xcode.app/Contents/Developer/Platforms/iPhoneSimulator.platform/Developer/SDKs/iPhoneSimulator26.2.sdk/Developer/Library/Frameworks -filelist /Users/hieuvu/Library/Developer/Xcode/DerivedData/iosApp-bizzlwxnbcgzzldgvticrfgfpivi/Build/Intermediates.noindex/PurchasesHybridCommon.build/Debug-iphonesimulator/PurchasesHybridCommon.build/Objects-normal/arm64/PurchasesHybridCommon.LinkFileList -nostdlib -Xlinker -object_path_lto -Xlinker /Users/hieuvu/Library/Developer/Xcode/DerivedData/iosApp-bizzlwxnbcgzzldgvticrfgfpivi/Build/Intermediates.noindex/PurchasesHybridCommon.build/Debug-iphonesimulator/PurchasesHybridCommon.build/Objects-normal/arm64/PurchasesHybridCommon_lto.o -rdynamic -Xlinker -no_deduplicate -Xlinker -objc_abi_version -Xlinker 2 -Xlinker -dependency_info -Xlinker /Users/hieuvu/Library/Developer/Xcode/DerivedData/iosApp-bizzlwxnbcgzzldgvticrfgfpivi/Build/Intermediates.noindex/PurchasesHybridCommon.build/Debug-iphonesimulator/PurchasesHybridCommon.build/Objects-normal/arm64/PurchasesHybridCommon_dependency_info.dat -fobjc-link-runtime -L/Applications/Xcode.app/Contents/Developer/Toolchains/XcodeDefault.xctoolchain/usr/lib/swift/iphonesimulator -L/usr/lib/swift -Xlinker -add_ast_path -Xlinker /Users/hieuvu/Library/Developer/Xcode/DerivedData/iosApp-bizzlwxnbcgzzldgvticrfgfpivi/Build/Intermediates.noindex/PurchasesHybridCommon.build/Debug-iphonesimulator/PurchasesHybridCommon.build/Objects-normal/arm64/PurchasesHybridCommon.swiftmodule @/Users/hieuvu/Library/Developer/Xcode/DerivedData/iosApp-bizzlwxnbcgzzldgvticrfgfpivi/Build/Intermediates.noindex/PurchasesHybridCommon.build/Debug-iphonesimulator/PurchasesHybridCommon.build/Objects-normal/arm64/PurchasesHybridCommon-linker-args.resp -o /Users/hieuvu/Library/Developer/Xcode/DerivedData/iosApp-bizzlwxnbcgzzldgvticrfgfpivi/Build/Products/Debug-iphonesimulator/PurchasesHybridCommon.o

Ld /Users/hieuvu/Library/Developer/Xcode/DerivedData/iosApp-bizzlwxnbcgzzldgvticrfgfpivi/Build/Products/Debug-iphonesimulator/RevenueCatUI.o normal (in target 'RevenueCatUI' from project 'RevenueCat')
    cd /Users/hieuvu/Library/Developer/Xcode/DerivedData/iosApp-bizzlwxnbcgzzldgvticrfgfpivi/SourcePackages/checkouts/purchases-ios-spm
    /Applications/Xcode.app/Contents/Developer/Toolchains/XcodeDefault.xctoolchain/usr/bin/clang -Xlinker -reproducible -target arm64-apple-ios13.0-simulator -r -isysroot /Applications/Xcode.app/Contents/Developer/Platforms/iPhoneSimulator.platform/Developer/SDKs/iPhoneSimulator26.2.sdk -O0 -w -L/Users/hieuvu/Library/Developer/Xcode/DerivedData/iosApp-bizzlwxnbcgzzldgvticrfgfpivi/Build/Intermediates.noindex/EagerLinkingTBDs/Debug-iphonesimulator -L/Users/hieuvu/Library/Developer/Xcode/DerivedData/iosApp-bizzlwxnbcgzzldgvticrfgfpivi/Build/Products/Debug-iphonesimulator -L/Applications/Xcode.app/Contents/Developer/Platforms/iPhoneSimulator.platform/Developer/usr/lib -F/Users/hieuvu/Library/Developer/Xcode/DerivedData/iosApp-bizzlwxnbcgzzldgvticrfgfpivi/Build/Intermediates.noindex/EagerLinkingTBDs/Debug-iphonesimulator -F/Users/hieuvu/Library/Developer/Xcode/DerivedData/iosApp-bizzlwxnbcgzzldgvticrfgfpivi/Build/Products/Debug-iphonesimulator/PackageFrameworks -F/Users/hieuvu/Library/Developer/Xcode/DerivedData/iosApp-bizzlwxnbcgzzldgvticrfgfpivi/Build/Products/Debug-iphonesimulator -iframework /Applications/Xcode.app/Contents/Developer/Platforms/iPhoneSimulator.platform/Developer/Library/Frameworks -iframework /Applications/Xcode.app/Contents/Developer/Platforms/iPhoneSimulator.platform/Developer/SDKs/iPhoneSimulator26.2.sdk/Developer/Library/Frameworks -filelist /Users/hieuvu/Library/Developer/Xcode/DerivedData/iosApp-bizzlwxnbcgzzldgvticrfgfpivi/Build/Intermediates.noindex/RevenueCat.build/Debug-iphonesimulator/RevenueCatUI.build/Objects-normal/arm64/RevenueCatUI.LinkFileList -nostdlib -Xlinker -object_path_lto -Xlinker /Users/hieuvu/Library/Developer/Xcode/DerivedData/iosApp-bizzlwxnbcgzzldgvticrfgfpivi/Build/Intermediates.noindex/RevenueCat.build/Debug-iphonesimulator/RevenueCatUI.build/Objects-normal/arm64/RevenueCatUI_lto.o -rdynamic -Xlinker -no_deduplicate -Xlinker -objc_abi_version -Xlinker 2 -Xlinker -dependency_info -Xlinker /Users/hieuvu/Library/Developer/Xcode/DerivedData/iosApp-bizzlwxnbcgzzldgvticrfgfpivi/Build/Intermediates.noindex/RevenueCat.build/Debug-iphonesimulator/RevenueCatUI.build/Objects-normal/arm64/RevenueCatUI_dependency_info.dat -fobjc-link-runtime -L/Applications/Xcode.app/Contents/Developer/Toolchains/XcodeDefault.xctoolchain/usr/lib/swift/iphonesimulator -L/usr/lib/swift -Xlinker -add_ast_path -Xlinker /Users/hieuvu/Library/Developer/Xcode/DerivedData/iosApp-bizzlwxnbcgzzldgvticrfgfpivi/Build/Intermediates.noindex/RevenueCat.build/Debug-iphonesimulator/RevenueCatUI.build/Objects-normal/arm64/RevenueCatUI.swiftmodule @/Users/hieuvu/Library/Developer/Xcode/DerivedData/iosApp-bizzlwxnbcgzzldgvticrfgfpivi/Build/Intermediates.noindex/RevenueCat.build/Debug-iphonesimulator/RevenueCatUI.build/Objects-normal/arm64/RevenueCatUI-linker-args.resp -o /Users/hieuvu/Library/Developer/Xcode/DerivedData/iosApp-bizzlwxnbcgzzldgvticrfgfpivi/Build/Products/Debug-iphonesimulator/RevenueCatUI.o

ExtractAppIntentsMetadata (in target 'PurchasesHybridCommon' from project 'PurchasesHybridCommon')
    cd /Users/hieuvu/Library/Developer/Xcode/DerivedData/iosApp-bizzlwxnbcgzzldgvticrfgfpivi/SourcePackages/checkouts/purchases-hybrid-common
    /Applications/Xcode.app/Contents/Developer/Toolchains/XcodeDefault.xctoolchain/usr/bin/appintentsmetadataprocessor --toolchain-dir /Applications/Xcode.app/Contents/Developer/Toolchains/XcodeDefault.xctoolchain --module-name PurchasesHybridCommon --sdk-root /Applications/Xcode.app/Contents/Developer/Platforms/iPhoneSimulator.platform/Developer/SDKs/iPhoneSimulator26.2.sdk --xcode-version 17C529 --platform-family iOS --deployment-target 13.0 --bundle-identifier purchases-hybrid-common.PurchasesHybridCommon --output /Users/hieuvu/Library/Developer/Xcode/DerivedData/iosApp-bizzlwxnbcgzzldgvticrfgfpivi/Build/Products/Debug-iphonesimulator/PurchasesHybridCommon.appintents --target-triple arm64-apple-ios13.0-simulator --binary-file /Users/hieuvu/Library/Developer/Xcode/DerivedData/iosApp-bizzlwxnbcgzzldgvticrfgfpivi/Build/Products/Debug-iphonesimulator/PurchasesHybridCommon.o --dependency-file /Users/hieuvu/Library/Developer/Xcode/DerivedData/iosApp-bizzlwxnbcgzzldgvticrfgfpivi/Build/Intermediates.noindex/PurchasesHybridCommon.build/Debug-iphonesimulator/PurchasesHybridCommon.build/Objects-normal/arm64/PurchasesHybridCommon_dependency_info.dat --stringsdata-file /Users/hieuvu/Library/Developer/Xcode/DerivedData/iosApp-bizzlwxnbcgzzldgvticrfgfpivi/Build/Intermediates.noindex/PurchasesHybridCommon.build/Debug-iphonesimulator/PurchasesHybridCommon.build/Objects-normal/arm64/ExtractedAppShortcutsMetadata.stringsdata --source-file-list /Users/hieuvu/Library/Developer/Xcode/DerivedData/iosApp-bizzlwxnbcgzzldgvticrfgfpivi/Build/Intermediates.noindex/PurchasesHybridCommon.build/Debug-iphonesimulator/PurchasesHybridCommon.build/Objects-normal/arm64/PurchasesHybridCommon.SwiftFileList --metadata-file-list /Users/hieuvu/Library/Developer/Xcode/DerivedData/iosApp-bizzlwxnbcgzzldgvticrfgfpivi/Build/Intermediates.noindex/PurchasesHybridCommon.build/Debug-iphonesimulator/PurchasesHybridCommon.build/PurchasesHybridCommon.DependencyMetadataFileList --static-metadata-file-list /Users/hieuvu/Library/Developer/Xcode/DerivedData/iosApp-bizzlwxnbcgzzldgvticrfgfpivi/Build/Intermediates.noindex/PurchasesHybridCommon.build/Debug-iphonesimulator/PurchasesHybridCommon.build/PurchasesHybridCommon.DependencyStaticMetadataFileList --swift-const-vals-list /Users/hieuvu/Library/Developer/Xcode/DerivedData/iosApp-bizzlwxnbcgzzldgvticrfgfpivi/Build/Intermediates.noindex/PurchasesHybridCommon.build/Debug-iphonesimulator/PurchasesHybridCommon.build/Objects-normal/arm64/PurchasesHybridCommon.SwiftConstValuesFileList --force --compile-time-extraction --deployment-aware-processing --validate-assistant-intents --no-app-shortcuts-localization
2026-03-08 21:41:47.350 appintentsmetadataprocessor[98474:30978706] Starting appintentsmetadataprocessor export
2026-03-08 21:41:47.543 appintentsmetadataprocessor[98474:30978706] Extracted no relevant App Intents symbols, skipping writing output

ExtractAppIntentsMetadata (in target 'RevenueCatUI' from project 'RevenueCat')
    cd /Users/hieuvu/Library/Developer/Xcode/DerivedData/iosApp-bizzlwxnbcgzzldgvticrfgfpivi/SourcePackages/checkouts/purchases-ios-spm
    /Applications/Xcode.app/Contents/Developer/Toolchains/XcodeDefault.xctoolchain/usr/bin/appintentsmetadataprocessor --toolchain-dir /Applications/Xcode.app/Contents/Developer/Toolchains/XcodeDefault.xctoolchain --module-name RevenueCatUI --sdk-root /Applications/Xcode.app/Contents/Developer/Platforms/iPhoneSimulator.platform/Developer/SDKs/iPhoneSimulator26.2.sdk --xcode-version 17C529 --platform-family iOS --deployment-target 13.0 --bundle-identifier purchases-ios-spm.RevenueCatUI --output /Users/hieuvu/Library/Developer/Xcode/DerivedData/iosApp-bizzlwxnbcgzzldgvticrfgfpivi/Build/Products/Debug-iphonesimulator/RevenueCatUI.appintents --target-triple arm64-apple-ios13.0-simulator --binary-file /Users/hieuvu/Library/Developer/Xcode/DerivedData/iosApp-bizzlwxnbcgzzldgvticrfgfpivi/Build/Products/Debug-iphonesimulator/RevenueCatUI.o --dependency-file /Users/hieuvu/Library/Developer/Xcode/DerivedData/iosApp-bizzlwxnbcgzzldgvticrfgfpivi/Build/Intermediates.noindex/RevenueCat.build/Debug-iphonesimulator/RevenueCatUI.build/Objects-normal/arm64/RevenueCatUI_dependency_info.dat --stringsdata-file /Users/hieuvu/Library/Developer/Xcode/DerivedData/iosApp-bizzlwxnbcgzzldgvticrfgfpivi/Build/Intermediates.noindex/RevenueCat.build/Debug-iphonesimulator/RevenueCatUI.build/Objects-normal/arm64/ExtractedAppShortcutsMetadata.stringsdata --source-file-list /Users/hieuvu/Library/Developer/Xcode/DerivedData/iosApp-bizzlwxnbcgzzldgvticrfgfpivi/Build/Intermediates.noindex/RevenueCat.build/Debug-iphonesimulator/RevenueCatUI.build/Objects-normal/arm64/RevenueCatUI.SwiftFileList --metadata-file-list /Users/hieuvu/Library/Developer/Xcode/DerivedData/iosApp-bizzlwxnbcgzzldgvticrfgfpivi/Build/Intermediates.noindex/RevenueCat.build/Debug-iphonesimulator/RevenueCatUI.build/RevenueCatUI.DependencyMetadataFileList --static-metadata-file-list /Users/hieuvu/Library/Developer/Xcode/DerivedData/iosApp-bizzlwxnbcgzzldgvticrfgfpivi/Build/Intermediates.noindex/RevenueCat.build/Debug-iphonesimulator/RevenueCatUI.build/RevenueCatUI.DependencyStaticMetadataFileList --swift-const-vals-list /Users/hieuvu/Library/Developer/Xcode/DerivedData/iosApp-bizzlwxnbcgzzldgvticrfgfpivi/Build/Intermediates.noindex/RevenueCat.build/Debug-iphonesimulator/RevenueCatUI.build/Objects-normal/arm64/RevenueCatUI.SwiftConstValuesFileList --force --compile-time-extraction --deployment-aware-processing --validate-assistant-intents --no-app-shortcuts-localization
2026-03-08 21:41:47.559 appintentsmetadataprocessor[98476:30978713] Starting appintentsmetadataprocessor export
2026-03-08 21:41:47.698 appintentsmetadataprocessor[98476:30978713] Extracted no relevant App Intents symbols, skipping writing output

RegisterExecutionPolicyException /Users/hieuvu/Library/Developer/Xcode/DerivedData/iosApp-bizzlwxnbcgzzldgvticrfgfpivi/Build/Products/Debug-iphonesimulator/PurchasesHybridCommon.o (in target 'PurchasesHybridCommon' from project 'PurchasesHybridCommon')
    cd /Users/hieuvu/Library/Developer/Xcode/DerivedData/iosApp-bizzlwxnbcgzzldgvticrfgfpivi/SourcePackages/checkouts/purchases-hybrid-common
    builtin-RegisterExecutionPolicyException /Users/hieuvu/Library/Developer/Xcode/DerivedData/iosApp-bizzlwxnbcgzzldgvticrfgfpivi/Build/Products/Debug-iphonesimulator/PurchasesHybridCommon.o

RegisterExecutionPolicyException /Users/hieuvu/Library/Developer/Xcode/DerivedData/iosApp-bizzlwxnbcgzzldgvticrfgfpivi/Build/Products/Debug-iphonesimulator/RevenueCatUI.o (in target 'RevenueCatUI' from project 'RevenueCat')
    cd /Users/hieuvu/Library/Developer/Xcode/DerivedData/iosApp-bizzlwxnbcgzzldgvticrfgfpivi/SourcePackages/checkouts/purchases-ios-spm
    builtin-RegisterExecutionPolicyException /Users/hieuvu/Library/Developer/Xcode/DerivedData/iosApp-bizzlwxnbcgzzldgvticrfgfpivi/Build/Products/Debug-iphonesimulator/RevenueCatUI.o

Ld /Users/hieuvu/Library/Developer/Xcode/DerivedData/iosApp-bizzlwxnbcgzzldgvticrfgfpivi/Build/Products/Debug-iphonesimulator/PurchasesHybridCommonUI.o normal (in target 'PurchasesHybridCommonUI' from project 'PurchasesHybridCommon')
    cd /Users/hieuvu/Library/Developer/Xcode/DerivedData/iosApp-bizzlwxnbcgzzldgvticrfgfpivi/SourcePackages/checkouts/purchases-hybrid-common
    /Applications/Xcode.app/Contents/Developer/Toolchains/XcodeDefault.xctoolchain/usr/bin/clang -Xlinker -reproducible -target arm64-apple-ios13.0-simulator -r -isysroot /Applications/Xcode.app/Contents/Developer/Platforms/iPhoneSimulator.platform/Developer/SDKs/iPhoneSimulator26.2.sdk -O0 -w -L/Users/hieuvu/Library/Developer/Xcode/DerivedData/iosApp-bizzlwxnbcgzzldgvticrfgfpivi/Build/Intermediates.noindex/EagerLinkingTBDs/Debug-iphonesimulator -L/Users/hieuvu/Library/Developer/Xcode/DerivedData/iosApp-bizzlwxnbcgzzldgvticrfgfpivi/Build/Products/Debug-iphonesimulator -L/Applications/Xcode.app/Contents/Developer/Platforms/iPhoneSimulator.platform/Developer/usr/lib -F/Users/hieuvu/Library/Developer/Xcode/DerivedData/iosApp-bizzlwxnbcgzzldgvticrfgfpivi/Build/Intermediates.noindex/EagerLinkingTBDs/Debug-iphonesimulator -F/Users/hieuvu/Library/Developer/Xcode/DerivedData/iosApp-bizzlwxnbcgzzldgvticrfgfpivi/Build/Products/Debug-iphonesimulator/PackageFrameworks -F/Users/hieuvu/Library/Developer/Xcode/DerivedData/iosApp-bizzlwxnbcgzzldgvticrfgfpivi/Build/Products/Debug-iphonesimulator/PackageFrameworks -F/Users/hieuvu/Library/Developer/Xcode/DerivedData/iosApp-bizzlwxnbcgzzldgvticrfgfpivi/Build/Products/Debug-iphonesimulator/PackageFrameworks -F/Users/hieuvu/Library/Developer/Xcode/DerivedData/iosApp-bizzlwxnbcgzzldgvticrfgfpivi/Build/Products/Debug-iphonesimulator -iframework /Applications/Xcode.app/Contents/Developer/Platforms/iPhoneSimulator.platform/Developer/Library/Frameworks -iframework /Applications/Xcode.app/Contents/Developer/Platforms/iPhoneSimulator.platform/Developer/SDKs/iPhoneSimulator26.2.sdk/Developer/Library/Frameworks -filelist /Users/hieuvu/Library/Developer/Xcode/DerivedData/iosApp-bizzlwxnbcgzzldgvticrfgfpivi/Build/Intermediates.noindex/PurchasesHybridCommon.build/Debug-iphonesimulator/PurchasesHybridCommonUI.build/Objects-normal/arm64/PurchasesHybridCommonUI.LinkFileList -nostdlib -Xlinker -object_path_lto -Xlinker /Users/hieuvu/Library/Developer/Xcode/DerivedData/iosApp-bizzlwxnbcgzzldgvticrfgfpivi/Build/Intermediates.noindex/PurchasesHybridCommon.build/Debug-iphonesimulator/PurchasesHybridCommonUI.build/Objects-normal/arm64/PurchasesHybridCommonUI_lto.o -rdynamic -Xlinker -no_deduplicate -Xlinker -objc_abi_version -Xlinker 2 -Xlinker -dependency_info -Xlinker /Users/hieuvu/Library/Developer/Xcode/DerivedData/iosApp-bizzlwxnbcgzzldgvticrfgfpivi/Build/Intermediates.noindex/PurchasesHybridCommon.build/Debug-iphonesimulator/PurchasesHybridCommonUI.build/Objects-normal/arm64/PurchasesHybridCommonUI_dependency_info.dat -fobjc-link-runtime -L/Applications/Xcode.app/Contents/Developer/Toolchains/XcodeDefault.xctoolchain/usr/lib/swift/iphonesimulator -L/usr/lib/swift -Xlinker -add_ast_path -Xlinker /Users/hieuvu/Library/Developer/Xcode/DerivedData/iosApp-bizzlwxnbcgzzldgvticrfgfpivi/Build/Intermediates.noindex/PurchasesHybridCommon.build/Debug-iphonesimulator/PurchasesHybridCommonUI.build/Objects-normal/arm64/PurchasesHybridCommonUI.swiftmodule @/Users/hieuvu/Library/Developer/Xcode/DerivedData/iosApp-bizzlwxnbcgzzldgvticrfgfpivi/Build/Intermediates.noindex/PurchasesHybridCommon.build/Debug-iphonesimulator/PurchasesHybridCommonUI.build/Objects-normal/arm64/PurchasesHybridCommonUI-linker-args.resp -o /Users/hieuvu/Library/Developer/Xcode/DerivedData/iosApp-bizzlwxnbcgzzldgvticrfgfpivi/Build/Products/Debug-iphonesimulator/PurchasesHybridCommonUI.o

ExtractAppIntentsMetadata (in target 'PurchasesHybridCommonUI' from project 'PurchasesHybridCommon')
    cd /Users/hieuvu/Library/Developer/Xcode/DerivedData/iosApp-bizzlwxnbcgzzldgvticrfgfpivi/SourcePackages/checkouts/purchases-hybrid-common
    /Applications/Xcode.app/Contents/Developer/Toolchains/XcodeDefault.xctoolchain/usr/bin/appintentsmetadataprocessor --toolchain-dir /Applications/Xcode.app/Contents/Developer/Toolchains/XcodeDefault.xctoolchain --module-name PurchasesHybridCommonUI --sdk-root /Applications/Xcode.app/Contents/Developer/Platforms/iPhoneSimulator.platform/Developer/SDKs/iPhoneSimulator26.2.sdk --xcode-version 17C529 --platform-family iOS --deployment-target 13.0 --bundle-identifier purchases-hybrid-common.PurchasesHybridCommonUI --output /Users/hieuvu/Library/Developer/Xcode/DerivedData/iosApp-bizzlwxnbcgzzldgvticrfgfpivi/Build/Products/Debug-iphonesimulator/PurchasesHybridCommonUI.appintents --target-triple arm64-apple-ios13.0-simulator --binary-file /Users/hieuvu/Library/Developer/Xcode/DerivedData/iosApp-bizzlwxnbcgzzldgvticrfgfpivi/Build/Products/Debug-iphonesimulator/PurchasesHybridCommonUI.o --dependency-file /Users/hieuvu/Library/Developer/Xcode/DerivedData/iosApp-bizzlwxnbcgzzldgvticrfgfpivi/Build/Intermediates.noindex/PurchasesHybridCommon.build/Debug-iphonesimulator/PurchasesHybridCommonUI.build/Objects-normal/arm64/PurchasesHybridCommonUI_dependency_info.dat --stringsdata-file /Users/hieuvu/Library/Developer/Xcode/DerivedData/iosApp-bizzlwxnbcgzzldgvticrfgfpivi/Build/Intermediates.noindex/PurchasesHybridCommon.build/Debug-iphonesimulator/PurchasesHybridCommonUI.build/Objects-normal/arm64/ExtractedAppShortcutsMetadata.stringsdata --source-file-list /Users/hieuvu/Library/Developer/Xcode/DerivedData/iosApp-bizzlwxnbcgzzldgvticrfgfpivi/Build/Intermediates.noindex/PurchasesHybridCommon.build/Debug-iphonesimulator/PurchasesHybridCommonUI.build/Objects-normal/arm64/PurchasesHybridCommonUI.SwiftFileList --metadata-file-list /Users/hieuvu/Library/Developer/Xcode/DerivedData/iosApp-bizzlwxnbcgzzldgvticrfgfpivi/Build/Intermediates.noindex/PurchasesHybridCommon.build/Debug-iphonesimulator/PurchasesHybridCommonUI.build/PurchasesHybridCommonUI.DependencyMetadataFileList --static-metadata-file-list /Users/hieuvu/Library/Developer/Xcode/DerivedData/iosApp-bizzlwxnbcgzzldgvticrfgfpivi/Build/Intermediates.noindex/PurchasesHybridCommon.build/Debug-iphonesimulator/PurchasesHybridCommonUI.build/PurchasesHybridCommonUI.DependencyStaticMetadataFileList --swift-const-vals-list /Users/hieuvu/Library/Developer/Xcode/DerivedData/iosApp-bizzlwxnbcgzzldgvticrfgfpivi/Build/Intermediates.noindex/PurchasesHybridCommon.build/Debug-iphonesimulator/PurchasesHybridCommonUI.build/Objects-normal/arm64/PurchasesHybridCommonUI.SwiftConstValuesFileList --force --compile-time-extraction --deployment-aware-processing --validate-assistant-intents --no-app-shortcuts-localization
2026-03-08 21:41:47.761 appintentsmetadataprocessor[98479:30978728] Starting appintentsmetadataprocessor export
2026-03-08 21:41:47.901 appintentsmetadataprocessor[98479:30978728] Extracted no relevant App Intents symbols, skipping writing output

RegisterExecutionPolicyException /Users/hieuvu/Library/Developer/Xcode/DerivedData/iosApp-bizzlwxnbcgzzldgvticrfgfpivi/Build/Products/Debug-iphonesimulator/PurchasesHybridCommonUI.o (in target 'PurchasesHybridCommonUI' from project 'PurchasesHybridCommon')
    cd /Users/hieuvu/Library/Developer/Xcode/DerivedData/iosApp-bizzlwxnbcgzzldgvticrfgfpivi/SourcePackages/checkouts/purchases-hybrid-common
    builtin-RegisterExecutionPolicyException /Users/hieuvu/Library/Developer/Xcode/DerivedData/iosApp-bizzlwxnbcgzzldgvticrfgfpivi/Build/Products/Debug-iphonesimulator/PurchasesHybridCommonUI.o

PhaseScriptExecution Compile\ Kotlin\ Framework /Users/hieuvu/Library/Developer/Xcode/DerivedData/iosApp-bizzlwxnbcgzzldgvticrfgfpivi/Build/Intermediates.noindex/iosApp.build/Debug-iphonesimulator/iosApp.build/Script-B6B6F0AF29DD75B9569600A3.sh (in target 'iosApp' from project 'iosApp')
    cd /Users/hieuvu/Projects/supabase-storage-client/iosApp
    export ACTION\=build
    export AD_HOC_CODE_SIGNING_ALLOWED\=YES
    export AGGREGATE_TRACKED_DOMAINS\=YES
    export ALLOW_BUILD_REQUEST_OVERRIDES\=NO
    export ALLOW_TARGET_PLATFORM_SPECIALIZATION\=NO
    export ALTERNATE_GROUP\=staff
    export ALTERNATE_MODE\=u+w,go-w,a+rX
    export ALTERNATE_OWNER\=hieuvu
    export ALTERNATIVE_DISTRIBUTION_WEB\=NO
    export ALWAYS_EMBED_SWIFT_STANDARD_LIBRARIES\=NO
    export ALWAYS_SEARCH_USER_PATHS\=NO
    export ALWAYS_USE_SEPARATE_HEADERMAPS\=NO
    export ANDROID_DEPLOYMENT_TARGET\=21.0
    export APPLICATION_EXTENSION_API_ONLY\=NO
    export APPLY_RULES_IN_COPY_FILES\=NO
    export APPLY_RULES_IN_COPY_HEADERS\=NO
    export APP_SHORTCUTS_ENABLE_FLEXIBLE_MATCHING\=YES
    export ARCHS\=arm64
    export ARCHS_STANDARD\=arm64\ x86_64
    export ARCHS_STANDARD_32_64_BIT\=arm64\ x86_64
    export ARCHS_STANDARD_64_BIT\=arm64\ x86_64
    export ARCHS_STANDARD_INCLUDING_64_BIT\=arm64\ x86_64
    export ARCHS_UNIVERSAL_IPHONE_OS\=arm64\ x86_64
    export ASSETCATALOG_COMPILER_APPICON_NAME\=AppIcon
    export ASSETCATALOG_COMPILER_GENERATE_SWIFT_ASSET_SYMBOL_EXTENSIONS\=YES
    export ASSETCATALOG_COMPILER_GLOBAL_ACCENT_COLOR_NAME\=AccentColor
    export ASSETCATALOG_COMPILER_INCLUDE_ALL_APPICON_ASSETS\=YES
    export ASSETCATALOG_FILTER_FOR_DEVICE_MODEL\=iPhone14,6
    export ASSETCATALOG_FILTER_FOR_DEVICE_OS_VERSION\=26.1
    export ASSETCATALOG_FILTER_FOR_THINNING_DEVICE_CONFIGURATION\=iPhone14,6
    export AUTOMATICALLY_MERGE_DEPENDENCIES\=NO
    export AUTOMATION_APPLE_EVENTS\=NO
    export AVAILABLE_PLATFORMS\=android\ appletvos\ appletvsimulator\ driverkit\ iphoneos\ iphonesimulator\ macosx\ qnx\ watchos\ watchsimulator\ webassembly\ xros\ xrsimulator
    export AppIdentifierPrefix\=GS2V32ACLJ.
    export BUILD_ACTIVE_RESOURCES_ONLY\=YES
    export BUILD_COMPONENTS\=headers\ build
    export BUILD_DIR\=/Users/hieuvu/Library/Developer/Xcode/DerivedData/iosApp-bizzlwxnbcgzzldgvticrfgfpivi/Build/Products
    export BUILD_LIBRARY_FOR_DISTRIBUTION\=NO
    export BUILD_ROOT\=/Users/hieuvu/Library/Developer/Xcode/DerivedData/iosApp-bizzlwxnbcgzzldgvticrfgfpivi/Build/Products
    export BUILD_STYLE\=
    export BUILD_VARIANTS\=normal
    export BUILT_PRODUCTS_DIR\=/Users/hieuvu/Library/Developer/Xcode/DerivedData/iosApp-bizzlwxnbcgzzldgvticrfgfpivi/Build/Products/Debug-iphonesimulator
    export BUNDLE_CONTENTS_FOLDER_PATH_deep\=Contents/
    export BUNDLE_EXECUTABLE_FOLDER_NAME_deep\=MacOS
    export BUNDLE_EXTENSIONS_FOLDER_PATH\=Extensions
    export BUNDLE_FORMAT\=shallow
    export BUNDLE_FRAMEWORKS_FOLDER_PATH\=Frameworks
    export BUNDLE_PLUGINS_FOLDER_PATH\=PlugIns
    export BUNDLE_PRIVATE_HEADERS_FOLDER_PATH\=PrivateHeaders
    export BUNDLE_PUBLIC_HEADERS_FOLDER_PATH\=Headers
    export CACHE_ROOT\=/var/folders/79/lh_8_mc529jdsqmgffghhm_c0000gn/C/com.apple.DeveloperTools/26.3-17C529/Xcode
    export CCHROOT\=/var/folders/79/lh_8_mc529jdsqmgffghhm_c0000gn/C/com.apple.DeveloperTools/26.3-17C529/Xcode
    export CHMOD\=/bin/chmod
    export CHOWN\=/usr/sbin/chown
    export CLANG_ANALYZER_NONNULL\=YES
    export CLANG_ANALYZER_NUMBER_OBJECT_CONVERSION\=YES_AGGRESSIVE
    export CLANG_CACHE_FINE_GRAINED_OUTPUTS\=YES
    export CLANG_CXX_LANGUAGE_STANDARD\=gnu++20
    export CLANG_ENABLE_EXPLICIT_MODULES\=YES
    export CLANG_ENABLE_MODULES\=YES
    export CLANG_ENABLE_OBJC_ARC\=YES
    export CLANG_ENABLE_OBJC_WEAK\=YES
    export CLANG_MODULES_BUILD_SESSION_FILE\=/Users/hieuvu/Library/Developer/Xcode/DerivedData/ModuleCache.noindex/Session.modulevalidation
    export CLANG_WARN_BLOCK_CAPTURE_AUTORELEASING\=YES
    export CLANG_WARN_BOOL_CONVERSION\=YES
    export CLANG_WARN_COMMA\=YES
    export CLANG_WARN_CONSTANT_CONVERSION\=YES
    export CLANG_WARN_DEPRECATED_OBJC_IMPLEMENTATIONS\=YES
    export CLANG_WARN_DIRECT_OBJC_ISA_USAGE\=YES_ERROR
    export CLANG_WARN_DOCUMENTATION_COMMENTS\=YES
    export CLANG_WARN_EMPTY_BODY\=YES
    export CLANG_WARN_ENUM_CONVERSION\=YES
    export CLANG_WARN_INFINITE_RECURSION\=YES
    export CLANG_WARN_INT_CONVERSION\=YES
    export CLANG_WARN_NON_LITERAL_NULL_CONVERSION\=YES
    export CLANG_WARN_OBJC_IMPLICIT_RETAIN_SELF\=YES
    export CLANG_WARN_OBJC_LITERAL_CONVERSION\=YES
    export CLANG_WARN_OBJC_ROOT_CLASS\=YES_ERROR
    export CLANG_WARN_QUOTED_INCLUDE_IN_FRAMEWORK_HEADER\=YES
    export CLANG_WARN_RANGE_LOOP_ANALYSIS\=YES
    export CLANG_WARN_STRICT_PROTOTYPES\=YES
    export CLANG_WARN_SUSPICIOUS_MOVE\=YES
    export CLANG_WARN_UNGUARDED_AVAILABILITY\=YES_AGGRESSIVE
    export CLANG_WARN_UNREACHABLE_CODE\=YES
    export CLANG_WARN__DUPLICATE_METHOD_MATCH\=YES
    export CLASS_FILE_DIR\=/Users/hieuvu/Library/Developer/Xcode/DerivedData/iosApp-bizzlwxnbcgzzldgvticrfgfpivi/Build/Intermediates.noindex/iosApp.build/Debug-iphonesimulator/iosApp.build/JavaClasses
    export CLEAN_PRECOMPS\=YES
    export CLONE_HEADERS\=NO
    export CODESIGNING_FOLDER_PATH\=/Users/hieuvu/Library/Developer/Xcode/DerivedData/iosApp-bizzlwxnbcgzzldgvticrfgfpivi/Build/Products/Debug-iphonesimulator/Supabuckt.app
    export CODE_SIGNING_ALLOWED\=YES
    export CODE_SIGNING_REQUIRED\=YES
    export CODE_SIGN_CONTEXT_CLASS\=XCiPhoneSimulatorCodeSignContext
    export CODE_SIGN_IDENTITY\=Apple\ Development
    export CODE_SIGN_INJECT_BASE_ENTITLEMENTS\=YES
    export CODE_SIGN_STYLE\=Automatic
    export COLOR_DIAGNOSTICS\=NO
    export COMBINE_HIDPI_IMAGES\=NO
    export COMPILATION_CACHE_CAS_PATH\=/Users/hieuvu/Library/Developer/Xcode/DerivedData/CompilationCache.noindex
    export COMPILATION_CACHE_KEEP_CAS_DIRECTORY\=YES
    export COMPILER_INDEX_STORE_ENABLE\=Default
    export COMPOSITE_SDK_DIRS\=/Users/hieuvu/Library/Developer/Xcode/DerivedData/iosApp-bizzlwxnbcgzzldgvticrfgfpivi/Build/Intermediates.noindex/CompositeSDKs
    export COMPRESS_PNG_FILES\=YES
    export CONFIGURATION\=Debug
    export CONFIGURATION_BUILD_DIR\=/Users/hieuvu/Library/Developer/Xcode/DerivedData/iosApp-bizzlwxnbcgzzldgvticrfgfpivi/Build/Products/Debug-iphonesimulator
    export CONFIGURATION_TEMP_DIR\=/Users/hieuvu/Library/Developer/Xcode/DerivedData/iosApp-bizzlwxnbcgzzldgvticrfgfpivi/Build/Intermediates.noindex/iosApp.build/Debug-iphonesimulator
    export CONTENTS_FOLDER_PATH\=Supabuckt.app
    export CONTENTS_FOLDER_PATH_SHALLOW_BUNDLE_NO\=Supabuckt.app/Contents
    export CONTENTS_FOLDER_PATH_SHALLOW_BUNDLE_YES\=Supabuckt.app
    export COPYING_PRESERVES_HFS_DATA\=NO
    export COPY_HEADERS_RUN_UNIFDEF\=NO
    export COPY_PHASE_STRIP\=NO
    export CORRESPONDING_DEVICE_PLATFORM_DIR\=/Applications/Xcode.app/Contents/Developer/Platforms/iPhoneOS.platform
    export CORRESPONDING_DEVICE_PLATFORM_NAME\=iphoneos
    export CORRESPONDING_DEVICE_SDK_DIR\=/Applications/Xcode.app/Contents/Developer/Platforms/iPhoneOS.platform/Developer/SDKs/iPhoneOS26.2.sdk
    export CORRESPONDING_DEVICE_SDK_NAME\=iphoneos26.2
    export CP\=/bin/cp
    export CREATE_INFOPLIST_SECTION_IN_BINARY\=NO
    export CURRENT_ARCH\=undefined_arch
    export CURRENT_PROJECT_VERSION\=1
    export CURRENT_VARIANT\=normal
    export DEAD_CODE_STRIPPING\=YES
    export DEBUGGING_SYMBOLS\=YES
    export DEBUG_INFORMATION_FORMAT\=dwarf
    export DEBUG_INFORMATION_VERSION\=compiler-default
    export DEFAULT_COMPILER\=com.apple.compilers.llvm.clang.1_0
    export DEFAULT_DEXT_INSTALL_PATH\=/System/Library/DriverExtensions
    export DEFAULT_KEXT_INSTALL_PATH\=/System/Library/Extensions
    export DEFINES_MODULE\=NO
    export DEPLOYMENT_LOCATION\=NO
    export DEPLOYMENT_POSTPROCESSING\=NO
    export DEPLOYMENT_TARGET_SETTING_NAME\=IPHONEOS_DEPLOYMENT_TARGET
    export DEPLOYMENT_TARGET_SUGGESTED_VALUES\=12.0\ 12.1\ 12.2\ 12.3\ 12.4\ 13.0\ 13.1\ 13.2\ 13.3\ 13.4\ 13.5\ 13.6\ 14.0\ 14.1\ 14.2\ 14.3\ 14.4\ 14.5\ 14.6\ 14.7\ 15.0\ 15.1\ 15.2\ 15.3\ 15.4\ 15.5\ 15.6\ 16.0\ 16.1\ 16.2\ 16.3\ 16.4\ 16.5\ 16.6\ 17.0\ 17.1\ 17.2\ 17.3\ 17.4\ 17.5\ 17.6\ 18.0\ 18.1\ 18.2\ 18.3\ 18.4\ 18.5\ 18.6\ 26.0\ 26.1\ 26.2
    export DERIVED_FILES_DIR\=/Users/hieuvu/Library/Developer/Xcode/DerivedData/iosApp-bizzlwxnbcgzzldgvticrfgfpivi/Build/Intermediates.noindex/iosApp.build/Debug-iphonesimulator/iosApp.build/DerivedSources
    export DERIVED_FILE_DIR\=/Users/hieuvu/Library/Developer/Xcode/DerivedData/iosApp-bizzlwxnbcgzzldgvticrfgfpivi/Build/Intermediates.noindex/iosApp.build/Debug-iphonesimulator/iosApp.build/DerivedSources
    export DERIVED_SOURCES_DIR\=/Users/hieuvu/Library/Developer/Xcode/DerivedData/iosApp-bizzlwxnbcgzzldgvticrfgfpivi/Build/Intermediates.noindex/iosApp.build/Debug-iphonesimulator/iosApp.build/DerivedSources
    export DEVELOPER_APPLICATIONS_DIR\=/Applications/Xcode.app/Contents/Developer/Applications
    export DEVELOPER_BIN_DIR\=/Applications/Xcode.app/Contents/Developer/usr/bin
    export DEVELOPER_DIR\=/Applications/Xcode.app/Contents/Developer
    export DEVELOPER_FRAMEWORKS_DIR\=/Applications/Xcode.app/Contents/Developer/Library/Frameworks
    export DEVELOPER_FRAMEWORKS_DIR_QUOTED\=/Applications/Xcode.app/Contents/Developer/Library/Frameworks
    export DEVELOPER_LIBRARY_DIR\=/Applications/Xcode.app/Contents/Developer/Library
    export DEVELOPER_SDK_DIR\=/Applications/Xcode.app/Contents/Developer/Platforms/MacOSX.platform/Developer/SDKs
    export DEVELOPER_TOOLS_DIR\=/Applications/Xcode.app/Contents/Developer/Tools
    export DEVELOPER_USR_DIR\=/Applications/Xcode.app/Contents/Developer/usr
    export DEVELOPMENT_ASSET_PATHS\=\"iosApp/Preview\ Content\"
    export DEVELOPMENT_LANGUAGE\=en
    export DEVELOPMENT_TEAM\=GS2V32ACLJ
    export DIAGNOSE_MISSING_TARGET_DEPENDENCIES\=YES
    export DIFF\=/usr/bin/diff
    export DOCUMENTATION_FOLDER_PATH\=Supabuckt.app/en.lproj/Documentation
    export DONT_GENERATE_INFOPLIST_FILE\=NO
    export DSTROOT\=/tmp/iosApp.dst
    export DT_TOOLCHAIN_DIR\=/Applications/Xcode.app/Contents/Developer/Toolchains/XcodeDefault.xctoolchain
    export DWARF_DSYM_FILE_NAME\=Supabuckt.app.dSYM
    export DWARF_DSYM_FILE_SHOULD_ACCOMPANY_PRODUCT\=NO
    export DWARF_DSYM_FOLDER_PATH\=/Users/hieuvu/Library/Developer/Xcode/DerivedData/iosApp-bizzlwxnbcgzzldgvticrfgfpivi/Build/Products/Debug-iphonesimulator
    export DYNAMIC_LIBRARY_EXTENSION\=dylib
    export EAGER_COMPILATION_ALLOW_SCRIPTS\=NO
    export EAGER_LINKING\=NO
    export EFFECTIVE_PLATFORM_NAME\=-iphonesimulator
    export EMBEDDED_CONTENT_CONTAINS_SWIFT\=NO
    export EMBED_ASSET_PACKS_IN_PRODUCT_BUNDLE\=NO
    export EMBED_PACKAGE_RESOURCE_BUNDLE_NAMES\=\ RevenueCat_RevenueCat\ RevenueCat_RevenueCatUI
    export ENABLE_APP_SANDBOX\=NO
    export ENABLE_CODE_COVERAGE\=YES
    export ENABLE_CPLUSPLUS_BOUNDS_SAFE_BUFFERS\=NO
    export ENABLE_C_BOUNDS_SAFETY\=NO
    export ENABLE_DEBUG_DYLIB\=YES
    export ENABLE_DEFAULT_HEADER_SEARCH_PATHS\=YES
    export ENABLE_DEFAULT_SEARCH_PATHS\=YES
    export ENABLE_ENHANCED_SECURITY\=NO
    export ENABLE_HARDENED_RUNTIME\=NO
    export ENABLE_HEADER_DEPENDENCIES\=YES
    export ENABLE_INCOMING_NETWORK_CONNECTIONS\=NO
    export ENABLE_ON_DEMAND_RESOURCES\=YES
    export ENABLE_OUTGOING_NETWORK_CONNECTIONS\=NO
    export ENABLE_POINTER_AUTHENTICATION\=NO
    export ENABLE_PREVIEWS\=NO
    export ENABLE_RESOURCE_ACCESS_AUDIO_INPUT\=NO
    export ENABLE_RESOURCE_ACCESS_BLUETOOTH\=NO
    export ENABLE_RESOURCE_ACCESS_CALENDARS\=NO
    export ENABLE_RESOURCE_ACCESS_CAMERA\=NO
    export ENABLE_RESOURCE_ACCESS_CONTACTS\=NO
    export ENABLE_RESOURCE_ACCESS_LOCATION\=NO
    export ENABLE_RESOURCE_ACCESS_PHOTO_LIBRARY\=NO
    export ENABLE_RESOURCE_ACCESS_PRINTING\=NO
    export ENABLE_RESOURCE_ACCESS_USB\=NO
    export ENABLE_SDK_IMPORTS\=NO
    export ENABLE_SECURITY_COMPILER_WARNINGS\=NO
    export ENABLE_STRICT_OBJC_MSGSEND\=YES
    export ENABLE_TESTABILITY\=YES
    export ENABLE_TESTING_SEARCH_PATHS\=NO
    export ENABLE_USER_SCRIPT_SANDBOXING\=NO
    export ENABLE_XOJIT_PREVIEWS\=YES
    export ENFORCE_VALID_ARCHS\=YES
    export ENTITLEMENTS_ALLOWED\=NO
    export ENTITLEMENTS_DESTINATION\=__entitlements
    export ENTITLEMENTS_REQUIRED\=NO
    export EXCLUDED_INSTALLSRC_SUBDIRECTORY_PATTERNS\=.DS_Store\ .svn\ .git\ .hg\ CVS
    export EXCLUDED_RECURSIVE_SEARCH_PATH_SUBDIRECTORIES\=\*.nib\ \*.lproj\ \*.framework\ \*.gch\ \*.xcode\*\ \*.xcassets\ \*.icon\ \(\*\)\ .DS_Store\ CVS\ .svn\ .git\ .hg\ \*.pbproj\ \*.pbxproj
    export EXECUTABLES_FOLDER_PATH\=Supabuckt.app/Executables
    export EXECUTABLE_BLANK_INJECTION_DYLIB_PATH\=Supabuckt.app/__preview.dylib
    export EXECUTABLE_DEBUG_DYLIB_INSTALL_NAME\=@rpath/Supabuckt.debug.dylib
    export EXECUTABLE_DEBUG_DYLIB_PATH\=Supabuckt.app/Supabuckt.debug.dylib
    export EXECUTABLE_FOLDER_PATH\=Supabuckt.app
    export EXECUTABLE_FOLDER_PATH_SHALLOW_BUNDLE_NO\=Supabuckt.app/MacOS
    export EXECUTABLE_FOLDER_PATH_SHALLOW_BUNDLE_YES\=Supabuckt.app
    export EXECUTABLE_NAME\=Supabuckt
    export EXECUTABLE_PATH\=Supabuckt.app/Supabuckt
    export EXPANDED_CODE_SIGN_IDENTITY\=-
    export EXPANDED_CODE_SIGN_IDENTITY_NAME\=Sign\ to\ Run\ Locally
    export EXTENSIONS_FOLDER_PATH\=Supabuckt.app/Extensions
    export FILE_LIST\=/Users/hieuvu/Library/Developer/Xcode/DerivedData/iosApp-bizzlwxnbcgzzldgvticrfgfpivi/Build/Intermediates.noindex/iosApp.build/Debug-iphonesimulator/iosApp.build/Objects/LinkFileList
    export FIXED_FILES_DIR\=/Users/hieuvu/Library/Developer/Xcode/DerivedData/iosApp-bizzlwxnbcgzzldgvticrfgfpivi/Build/Intermediates.noindex/iosApp.build/Debug-iphonesimulator/iosApp.build/FixedFiles
    export FRAMEWORKS_FOLDER_PATH\=Supabuckt.app/Frameworks
    export FRAMEWORK_FLAG_PREFIX\=-framework
    export FRAMEWORK_SEARCH_PATHS\=/Users/hieuvu/Library/Developer/Xcode/DerivedData/iosApp-bizzlwxnbcgzzldgvticrfgfpivi/Build/Products/Debug-iphonesimulator/PackageFrameworks\ /Users/hieuvu/Library/Developer/Xcode/DerivedData/iosApp-bizzlwxnbcgzzldgvticrfgfpivi/Build/Products/Debug-iphonesimulator/PackageFrameworks\ /Users/hieuvu/Library/Developer/Xcode/DerivedData/iosApp-bizzlwxnbcgzzldgvticrfgfpivi/Build/Products/Debug-iphonesimulator/PackageFrameworks\ /Users/hieuvu/Library/Developer/Xcode/DerivedData/iosApp-bizzlwxnbcgzzldgvticrfgfpivi/Build/Products/Debug-iphonesimulator/PackageFrameworks\ /Users/hieuvu/Library/Developer/Xcode/DerivedData/iosApp-bizzlwxnbcgzzldgvticrfgfpivi/Build/Products/Debug-iphonesimulator\ \ \"/Users/hieuvu/Projects/supabase-storage-client/iosApp/../composeApp/build/xcode-frameworks/Debug/iphonesimulator26.2\"
    export FRAMEWORK_VERSION\=A
    export FULL_PRODUCT_NAME\=Supabuckt.app
    export FUSE_BUILD_PHASES\=YES
    export FUSE_BUILD_SCRIPT_PHASES\=NO
    export GCC3_VERSION\=3.3
    export GCC_C_LANGUAGE_STANDARD\=gnu17
    export GCC_DYNAMIC_NO_PIC\=NO
    export GCC_INLINES_ARE_PRIVATE_EXTERN\=YES
    export GCC_NO_COMMON_BLOCKS\=YES
    export GCC_OBJC_LEGACY_DISPATCH\=YES
    export GCC_OPTIMIZATION_LEVEL\=0
    export GCC_PFE_FILE_C_DIALECTS\=c\ objective-c\ c++\ objective-c++
    export GCC_PREPROCESSOR_DEFINITIONS\=DEBUG\=1\ 
    export GCC_SYMBOLS_PRIVATE_EXTERN\=NO
    export GCC_TREAT_WARNINGS_AS_ERRORS\=NO
    export GCC_VERSION\=com.apple.compilers.llvm.clang.1_0
    export GCC_VERSION_IDENTIFIER\=com_apple_compilers_llvm_clang_1_0
    export GCC_WARN_64_TO_32_BIT_CONVERSION\=YES
    export GCC_WARN_ABOUT_RETURN_TYPE\=YES_ERROR
    export GCC_WARN_UNDECLARED_SELECTOR\=YES
    export GCC_WARN_UNINITIALIZED_AUTOS\=YES_AGGRESSIVE
    export GCC_WARN_UNUSED_FUNCTION\=YES
    export GCC_WARN_UNUSED_VARIABLE\=YES
    export GENERATED_MODULEMAP_DIR\=/Users/hieuvu/Library/Developer/Xcode/DerivedData/iosApp-bizzlwxnbcgzzldgvticrfgfpivi/Build/Intermediates.noindex/GeneratedModuleMaps-iphonesimulator
    export GENERATE_INFOPLIST_FILE\=YES
    export GENERATE_INTERMEDIATE_TEXT_BASED_STUBS\=YES
    export GENERATE_PKGINFO_FILE\=YES
    export GENERATE_PRELINK_OBJECT_FILE\=NO
    export GENERATE_PROFILING_CODE\=NO
    export GENERATE_TEXT_BASED_STUBS\=NO
    export GID\=20
    export GROUP\=staff
    export HEADERMAP_INCLUDES_FLAT_ENTRIES_FOR_TARGET_BEING_BUILT\=YES
    export HEADERMAP_INCLUDES_FRAMEWORK_ENTRIES_FOR_ALL_PRODUCT_TYPES\=YES
    export HEADERMAP_INCLUDES_FRAMEWORK_ENTRIES_FOR_TARGETS_NOT_BEING_BUILT\=YES
    export HEADERMAP_INCLUDES_NONPUBLIC_NONPRIVATE_HEADERS\=YES
    export HEADERMAP_INCLUDES_PROJECT_HEADERS\=YES
    export HEADERMAP_USES_FRAMEWORK_PREFIX_ENTRIES\=YES
    export HEADERMAP_USES_VFS\=NO
    export HEADER_SEARCH_PATHS\=/Users/hieuvu/Library/Developer/Xcode/DerivedData/iosApp-bizzlwxnbcgzzldgvticrfgfpivi/Build/Products/Debug-iphonesimulator/include\ 
    export HOME\=/Users/hieuvu
    export HOST_ARCH\=arm64
    export HOST_PLATFORM\=macosx
    export ICONV\=/usr/bin/iconv
    export IMPLICIT_DEPENDENCY_DOMAIN\=default
    export INFOPLIST_ENABLE_CFBUNDLEICONS_MERGE\=YES
    export INFOPLIST_EXPAND_BUILD_SETTINGS\=YES
    export INFOPLIST_FILE\=iosApp/Info.plist
    export INFOPLIST_KEY_LSApplicationCategoryType\=public.app-category.developer-tools
    export INFOPLIST_KEY_UIApplicationSceneManifest_Generation\=YES
    export INFOPLIST_KEY_UIApplicationSupportsIndirectInputEvents\=YES
    export INFOPLIST_KEY_UILaunchScreen_Generation\=YES
    export INFOPLIST_KEY_UILaunchStoryboardName\=Launch\ Screen
    export INFOPLIST_KEY_UISupportedInterfaceOrientations_iPad\=UIInterfaceOrientationPortrait\ UIInterfaceOrientationPortraitUpsideDown\ UIInterfaceOrientationLandscapeLeft\ UIInterfaceOrientationLandscapeRight
    export INFOPLIST_KEY_UISupportedInterfaceOrientations_iPhone\=UIInterfaceOrientationPortrait\ UIInterfaceOrientationLandscapeLeft\ UIInterfaceOrientationLandscapeRight
    export INFOPLIST_OUTPUT_FORMAT\=binary
    export INFOPLIST_PATH\=Supabuckt.app/Info.plist
    export INFOPLIST_PREPROCESS\=NO
    export INFOSTRINGS_PATH\=Supabuckt.app/en.lproj/InfoPlist.strings
    export INLINE_PRIVATE_FRAMEWORKS\=NO
    export INSTALLAPI_IGNORE_SKIP_INSTALL\=YES
    export INSTALLHDRS_COPY_PHASE\=NO
    export INSTALLHDRS_SCRIPT_PHASE\=NO
    export INSTALL_DIR\=/tmp/iosApp.dst/Applications
    export INSTALL_GROUP\=staff
    export INSTALL_MODE_FLAG\=u+w,go-w,a+rX
    export INSTALL_OWNER\=hieuvu
    export INSTALL_PATH\=/Applications
    export INSTALL_ROOT\=/tmp/iosApp.dst
    export IPHONEOS_DEPLOYMENT_TARGET\=18.2
    export IS_UNOPTIMIZED_BUILD\=YES
    export JAVAC_DEFAULT_FLAGS\=-J-Xms64m\ -J-XX:NewSize\=4M\ -J-Dfile.encoding\=UTF8
    export JAVA_APP_STUB\=/System/Library/Frameworks/JavaVM.framework/Resources/MacOS/JavaApplicationStub
    export JAVA_ARCHIVE_CLASSES\=YES
    export JAVA_ARCHIVE_TYPE\=JAR
    export JAVA_COMPILER\=/usr/bin/javac
    export JAVA_FOLDER_PATH\=Supabuckt.app/Java
    export JAVA_FRAMEWORK_RESOURCES_DIRS\=Resources
    export JAVA_JAR_FLAGS\=cv
    export JAVA_SOURCE_SUBDIR\=.
    export JAVA_USE_DEPENDENCIES\=YES
    export JAVA_ZIP_FLAGS\=-urg
    export JIKES_DEFAULT_FLAGS\=+E\ +OLDCSO
    export KEEP_PRIVATE_EXTERNS\=NO
    export LD_DEPENDENCY_INFO_FILE\=/Users/hieuvu/Library/Developer/Xcode/DerivedData/iosApp-bizzlwxnbcgzzldgvticrfgfpivi/Build/Intermediates.noindex/iosApp.build/Debug-iphonesimulator/iosApp.build/Objects-normal/undefined_arch/Supabuckt_dependency_info.dat
    export LD_ENTITLEMENTS_SECTION\=/Users/hieuvu/Library/Developer/Xcode/DerivedData/iosApp-bizzlwxnbcgzzldgvticrfgfpivi/Build/Intermediates.noindex/iosApp.build/Debug-iphonesimulator/iosApp.build/Supabuckt.app-Simulated.xcent
    export LD_ENTITLEMENTS_SECTION_DER\=/Users/hieuvu/Library/Developer/Xcode/DerivedData/iosApp-bizzlwxnbcgzzldgvticrfgfpivi/Build/Intermediates.noindex/iosApp.build/Debug-iphonesimulator/iosApp.build/Supabuckt.app-Simulated.xcent.der
    export LD_EXPORT_SYMBOLS\=YES
    export LD_GENERATE_MAP_FILE\=NO
    export LD_MAP_FILE_PATH\=/Users/hieuvu/Library/Developer/Xcode/DerivedData/iosApp-bizzlwxnbcgzzldgvticrfgfpivi/Build/Intermediates.noindex/iosApp.build/Debug-iphonesimulator/iosApp.build/Supabuckt-LinkMap-normal-undefined_arch.txt
    export LD_NO_PIE\=NO
    export LD_QUOTE_LINKER_ARGUMENTS_FOR_COMPILER_DRIVER\=YES
    export LD_RUNPATH_SEARCH_PATHS\=/Users/hieuvu/Library/Developer/Xcode/DerivedData/iosApp-bizzlwxnbcgzzldgvticrfgfpivi/Build/Products/Debug-iphonesimulator/PackageFrameworks\ /Users/hieuvu/Library/Developer/Xcode/DerivedData/iosApp-bizzlwxnbcgzzldgvticrfgfpivi/Build/Products/Debug-iphonesimulator/PackageFrameworks\ /Users/hieuvu/Library/Developer/Xcode/DerivedData/iosApp-bizzlwxnbcgzzldgvticrfgfpivi/Build/Products/Debug-iphonesimulator/PackageFrameworks\ /Users/hieuvu/Library/Developer/Xcode/DerivedData/iosApp-bizzlwxnbcgzzldgvticrfgfpivi/Build/Products/Debug-iphonesimulator/PackageFrameworks\ \ @executable_path/Frameworks
    export LD_RUNPATH_SEARCH_PATHS_YES\=@loader_path/../Frameworks
    export LD_SHARED_CACHE_ELIGIBLE\=Automatic
    export LD_WARN_DUPLICATE_LIBRARIES\=NO
    export LD_WARN_UNUSED_DYLIBS\=NO
    export LEGACY_DEVELOPER_DIR\=/Applications/Xcode.app/Contents/PlugIns/Xcode3Core.ideplugin/Contents/SharedSupport/Developer
    export LEX\=lex
    export LIBRARY_DEXT_INSTALL_PATH\=/Library/DriverExtensions
    export LIBRARY_FLAG_NOSPACE\=YES
    export LIBRARY_FLAG_PREFIX\=-l
    export LIBRARY_KEXT_INSTALL_PATH\=/Library/Extensions
    export LIBRARY_SEARCH_PATHS\=/Users/hieuvu/Library/Developer/Xcode/DerivedData/iosApp-bizzlwxnbcgzzldgvticrfgfpivi/Build/Products/Debug-iphonesimulator\ 
    export LINKER_DISPLAYS_MANGLED_NAMES\=NO
    export LINK_FILE_LIST_normal_arm64\=/Users/hieuvu/Library/Developer/Xcode/DerivedData/iosApp-bizzlwxnbcgzzldgvticrfgfpivi/Build/Intermediates.noindex/iosApp.build/Debug-iphonesimulator/iosApp.build/Objects-normal/arm64/Supabuckt.LinkFileList
    export LINK_OBJC_RUNTIME\=YES
    export LINK_WITH_STANDARD_LIBRARIES\=YES
    export LLVM_TARGET_TRIPLE_OS_VERSION\=ios18.2
    export LLVM_TARGET_TRIPLE_SUFFIX\=-simulator
    export LLVM_TARGET_TRIPLE_VENDOR\=apple
    export LM_AUX_CONST_METADATA_LIST_PATH_normal_arm64\=/Users/hieuvu/Library/Developer/Xcode/DerivedData/iosApp-bizzlwxnbcgzzldgvticrfgfpivi/Build/Intermediates.noindex/iosApp.build/Debug-iphonesimulator/iosApp.build/Objects-normal/arm64/Supabuckt.SwiftConstValuesFileList
    export LOCALIZATION_EXPORT_SUPPORTED\=YES
    export LOCALIZATION_PREFERS_STRING_CATALOGS\=YES
    export LOCALIZED_RESOURCES_FOLDER_PATH\=Supabuckt.app/en.lproj
    export LOCALIZED_STRING_MACRO_NAMES\=NSLocalizedString\ CFCopyLocalizedString
    export LOCALIZED_STRING_SWIFTUI_SUPPORT\=YES
    export LOCAL_ADMIN_APPS_DIR\=/Applications/Utilities
    export LOCAL_APPS_DIR\=/Applications
    export LOCAL_DEVELOPER_DIR\=/Library/Developer
    export LOCAL_LIBRARY_DIR\=/Library
    export LOCROOT\=/Users/hieuvu/Projects/supabase-storage-client/iosApp
    export LOCSYMROOT\=/Users/hieuvu/Projects/supabase-storage-client/iosApp
    export MACH_O_TYPE\=mh_execute
    export MAC_OS_X_PRODUCT_BUILD_VERSION\=25C56
    export MAC_OS_X_VERSION_ACTUAL\=260200
    export MAC_OS_X_VERSION_MAJOR\=260000
    export MAC_OS_X_VERSION_MINOR\=260200
    export MAKE_MERGEABLE\=NO
    export MARKETING_VERSION\=1.0
    export MERGEABLE_LIBRARY\=NO
    export MERGED_BINARY_TYPE\=none
    export MERGE_LINKED_LIBRARIES\=NO
    export METAL_LIBRARY_FILE_BASE\=default
    export METAL_LIBRARY_OUTPUT_DIR\=/Users/hieuvu/Library/Developer/Xcode/DerivedData/iosApp-bizzlwxnbcgzzldgvticrfgfpivi/Build/Products/Debug-iphonesimulator/Supabuckt.app
    export MODULES_FOLDER_PATH\=Supabuckt.app/Modules
    export MODULE_CACHE_DIR\=/Users/hieuvu/Library/Developer/Xcode/DerivedData/ModuleCache.noindex
    export MTL_ENABLE_DEBUG_INFO\=INCLUDE_SOURCE
    export MTL_FAST_MATH\=YES
    export NATIVE_ARCH\=arm64
    export NATIVE_ARCH_32_BIT\=arm
    export NATIVE_ARCH_64_BIT\=arm64
    export NATIVE_ARCH_ACTUAL\=arm64
    export NO_COMMON\=YES
    export OBJC_ABI_VERSION\=2
    export OBJECT_FILE_DIR\=/Users/hieuvu/Library/Developer/Xcode/DerivedData/iosApp-bizzlwxnbcgzzldgvticrfgfpivi/Build/Intermediates.noindex/iosApp.build/Debug-iphonesimulator/iosApp.build/Objects
    export OBJECT_FILE_DIR_normal\=/Users/hieuvu/Library/Developer/Xcode/DerivedData/iosApp-bizzlwxnbcgzzldgvticrfgfpivi/Build/Intermediates.noindex/iosApp.build/Debug-iphonesimulator/iosApp.build/Objects-normal
    export OBJROOT\=/Users/hieuvu/Library/Developer/Xcode/DerivedData/iosApp-bizzlwxnbcgzzldgvticrfgfpivi/Build/Intermediates.noindex
    export ONLY_ACTIVE_ARCH\=YES
    export OS\=MACOS
    export OSAC\=/usr/bin/osacompile
    export OTHER_CFLAGS\=-fmodule-map-file\=/Users/hieuvu/Library/Developer/Xcode/DerivedData/iosApp-bizzlwxnbcgzzldgvticrfgfpivi/Build/Intermediates.noindex/GeneratedModuleMaps-iphonesimulator/RevenueCatUI.modulemap\ -fmodule-map-file\=/Users/hieuvu/Library/Developer/Xcode/DerivedData/iosApp-bizzlwxnbcgzzldgvticrfgfpivi/Build/Intermediates.noindex/GeneratedModuleMaps-iphonesimulator/PurchasesHybridCommonUI.modulemap\ -fmodule-map-file\=/Users/hieuvu/Library/Developer/Xcode/DerivedData/iosApp-bizzlwxnbcgzzldgvticrfgfpivi/Build/Intermediates.noindex/GeneratedModuleMaps-iphonesimulator/RevenueCat.modulemap\ -fmodule-map-file\=/Users/hieuvu/Library/Developer/Xcode/DerivedData/iosApp-bizzlwxnbcgzzldgvticrfgfpivi/Build/Intermediates.noindex/GeneratedModuleMaps-iphonesimulator/PurchasesHybridCommon.modulemap\ 
    export OTHER_CPLUSPLUSFLAGS\=-fmodule-map-file\=/Users/hieuvu/Library/Developer/Xcode/DerivedData/iosApp-bizzlwxnbcgzzldgvticrfgfpivi/Build/Intermediates.noindex/GeneratedModuleMaps-iphonesimulator/RevenueCatUI.modulemap\ -fmodule-map-file\=/Users/hieuvu/Library/Developer/Xcode/DerivedData/iosApp-bizzlwxnbcgzzldgvticrfgfpivi/Build/Intermediates.noindex/GeneratedModuleMaps-iphonesimulator/PurchasesHybridCommonUI.modulemap\ -fmodule-map-file\=/Users/hieuvu/Library/Developer/Xcode/DerivedData/iosApp-bizzlwxnbcgzzldgvticrfgfpivi/Build/Intermediates.noindex/GeneratedModuleMaps-iphonesimulator/RevenueCat.modulemap\ -fmodule-map-file\=/Users/hieuvu/Library/Developer/Xcode/DerivedData/iosApp-bizzlwxnbcgzzldgvticrfgfpivi/Build/Intermediates.noindex/GeneratedModuleMaps-iphonesimulator/PurchasesHybridCommon.modulemap\ 
    export OTHER_LDFLAGS\=-Wl,-no_warn_duplicate_libraries\ -Wl,-no_warn_duplicate_libraries\ -Wl,-no_warn_duplicate_libraries\ -Wl,-no_warn_duplicate_libraries\ 
    export PACKAGE_TYPE\=com.apple.package-type.wrapper.application
    export PASCAL_STRINGS\=YES
    export PATH\=/Applications/Xcode.app/Contents/SharedFrameworks/SwiftBuild.framework/Versions/A/PlugIns/SWBBuildService.bundle/Contents/PlugIns/SWBUniversalPlatformPlugin.bundle/Contents/Frameworks/SWBUniversalPlatform.framework/Resources:/Applications/Xcode.app/Contents/Developer/Toolchains/XcodeDefault.xctoolchain/usr/bin:/Applications/Xcode.app/Contents/Developer/Toolchains/XcodeDefault.xctoolchain/usr/local/bin:/Applications/Xcode.app/Contents/Developer/Toolchains/XcodeDefault.xctoolchain/usr/libexec:/Applications/Xcode.app/Contents/Developer/Platforms/iPhoneSimulator.platform/usr/bin:/Applications/Xcode.app/Contents/Developer/Platforms/iPhoneSimulator.platform/usr/local/bin:/Applications/Xcode.app/Contents/Developer/Platforms/iPhoneSimulator.platform/Developer/usr/bin:/Applications/Xcode.app/Contents/Developer/Platforms/iPhoneSimulator.platform/Developer/usr/local/bin:/Applications/Xcode.app/Contents/Developer/usr/bin:/Applications/Xcode.app/Contents/Developer/usr/local/bin:/Users/hieuvu/.antigravity/antigravity/bin:/usr/local/bin:/opt/homebrew/bin:/Users/hieuvu/.bin:/Users/hieuvu/homebrew/bin//Users/hieuvu/usr/bin:/bin:/usr/sbin:/sbin:/opt/homebrew/sbin:/Library/Frameworks/Python.framework/Versions/3.11/bin:/Library/Frameworks/Python.framework/Versions/3.12/bin:/System/Cryptexes/App/usr/bin:/usr/bin:/var/run/com.apple.security.cryptexd/codex.system/bootstrap/usr/local/bin:/var/run/com.apple.security.cryptexd/codex.system/bootstrap/usr/bin:/var/run/com.apple.security.cryptexd/codex.system/bootstrap/usr/appleinternal/bin:/opt/pmk/env/global/bin:/Library/Apple/usr/bin:/Users/hieuvu/.cargo/bin:/Users/hieuvu/Library/Android/sdk/platform-tools:/Users/john/Android/sdk/tools:/Users/john/Android/sdk/platform-tools:/Users/john/Android/sdk/ndk-bundle:/Users/hieuvu/.gem/ruby/2.6.0/bin
    export PATH_PREFIXES_EXCLUDED_FROM_HEADER_DEPENDENCIES\=/usr/include\ /usr/local/include\ /System/Library/Frameworks\ /System/Library/PrivateFrameworks\ /Applications/Xcode.app/Contents/Developer/Headers\ /Applications/Xcode.app/Contents/Developer/SDKs\ /Applications/Xcode.app/Contents/Developer/Platforms
    export PBDEVELOPMENTPLIST_PATH\=Supabuckt.app/pbdevelopment.plist
    export PER_ARCH_MODULE_FILE_DIR\=/Users/hieuvu/Library/Developer/Xcode/DerivedData/iosApp-bizzlwxnbcgzzldgvticrfgfpivi/Build/Intermediates.noindex/iosApp.build/Debug-iphonesimulator/iosApp.build/Objects-normal/undefined_arch
    export PER_ARCH_OBJECT_FILE_DIR\=/Users/hieuvu/Library/Developer/Xcode/DerivedData/iosApp-bizzlwxnbcgzzldgvticrfgfpivi/Build/Intermediates.noindex/iosApp.build/Debug-iphonesimulator/iosApp.build/Objects-normal/undefined_arch
    export PER_VARIANT_OBJECT_FILE_DIR\=/Users/hieuvu/Library/Developer/Xcode/DerivedData/iosApp-bizzlwxnbcgzzldgvticrfgfpivi/Build/Intermediates.noindex/iosApp.build/Debug-iphonesimulator/iosApp.build/Objects-normal
    export PKGINFO_FILE_PATH\=/Users/hieuvu/Library/Developer/Xcode/DerivedData/iosApp-bizzlwxnbcgzzldgvticrfgfpivi/Build/Intermediates.noindex/iosApp.build/Debug-iphonesimulator/iosApp.build/PkgInfo
    export PKGINFO_PATH\=Supabuckt.app/PkgInfo
    export PLATFORM_DEVELOPER_APPLICATIONS_DIR\=/Applications/Xcode.app/Contents/Developer/Platforms/iPhoneSimulator.platform/Developer/Applications
    export PLATFORM_DEVELOPER_BIN_DIR\=/Applications/Xcode.app/Contents/Developer/Platforms/iPhoneSimulator.platform/Developer/usr/bin
    export PLATFORM_DEVELOPER_LIBRARY_DIR\=/Applications/Xcode.app/Contents/Developer/Platforms/iPhoneSimulator.platform/Developer/Library
    export PLATFORM_DEVELOPER_SDK_DIR\=/Applications/Xcode.app/Contents/Developer/Platforms/iPhoneSimulator.platform/Developer/SDKs
    export PLATFORM_DEVELOPER_TOOLS_DIR\=/Applications/Xcode.app/Contents/Developer/Platforms/iPhoneSimulator.platform/Developer/Tools
    export PLATFORM_DEVELOPER_USR_DIR\=/Applications/Xcode.app/Contents/Developer/Platforms/iPhoneSimulator.platform/Developer/usr
    export PLATFORM_DIR\=/Applications/Xcode.app/Contents/Developer/Platforms/iPhoneSimulator.platform
    export PLATFORM_DISPLAY_NAME\=iOS\ Simulator
    export PLATFORM_FAMILY_NAME\=iOS
    export PLATFORM_NAME\=iphonesimulator
    export PLATFORM_PREFERRED_ARCH\=x86_64
    export PLATFORM_PRODUCT_BUILD_VERSION\=23C57
    export PLATFORM_REQUIRES_SWIFT_AUTOLINK_EXTRACT\=NO
    export PLATFORM_REQUIRES_SWIFT_MODULEWRAP\=NO
    export PLIST_FILE_OUTPUT_FORMAT\=binary
    export PLUGINS_FOLDER_PATH\=Supabuckt.app/PlugIns
    export PRECOMPS_INCLUDE_HEADERS_FROM_BUILT_PRODUCTS_DIR\=YES
    export PRECOMP_DESTINATION_DIR\=/Users/hieuvu/Library/Developer/Xcode/DerivedData/iosApp-bizzlwxnbcgzzldgvticrfgfpivi/Build/Intermediates.noindex/iosApp.build/Debug-iphonesimulator/iosApp.build/PrefixHeaders
    export PRIVATE_HEADERS_FOLDER_PATH\=Supabuckt.app/PrivateHeaders
    export PROCESSED_INFOPLIST_PATH\=/Users/hieuvu/Library/Developer/Xcode/DerivedData/iosApp-bizzlwxnbcgzzldgvticrfgfpivi/Build/Intermediates.noindex/iosApp.build/Debug-iphonesimulator/iosApp.build/Objects-normal/undefined_arch/Processed-Info.plist
    export PRODUCT_BUNDLE_IDENTIFIER\=com.crafted.supabuckt
    export PRODUCT_BUNDLE_PACKAGE_TYPE\=APPL
    export PRODUCT_MODULE_NAME\=Supabuckt
    export PRODUCT_NAME\=Supabuckt
    export PRODUCT_SETTINGS_PATH\=/Users/hieuvu/Projects/supabase-storage-client/iosApp/iosApp/Info.plist
    export PRODUCT_TYPE\=com.apple.product-type.application
    export PROFILING_CODE\=NO
    export PROJECT\=iosApp
    export PROJECT_DERIVED_FILE_DIR\=/Users/hieuvu/Library/Developer/Xcode/DerivedData/iosApp-bizzlwxnbcgzzldgvticrfgfpivi/Build/Intermediates.noindex/iosApp.build/DerivedSources
    export PROJECT_DIR\=/Users/hieuvu/Projects/supabase-storage-client/iosApp
    export PROJECT_FILE_PATH\=/Users/hieuvu/Projects/supabase-storage-client/iosApp/iosApp.xcodeproj
    export PROJECT_GUID\=7b79493a8b7fc1f2fff3c51cd12ba024
    export PROJECT_NAME\=iosApp
    export PROJECT_TEMP_DIR\=/Users/hieuvu/Library/Developer/Xcode/DerivedData/iosApp-bizzlwxnbcgzzldgvticrfgfpivi/Build/Intermediates.noindex/iosApp.build
    export PROJECT_TEMP_ROOT\=/Users/hieuvu/Library/Developer/Xcode/DerivedData/iosApp-bizzlwxnbcgzzldgvticrfgfpivi/Build/Intermediates.noindex
    export PROVISIONING_PROFILE_REQUIRED\=NO
    export PROVISIONING_PROFILE_REQUIRED_YES_YES\=YES
    export PROVISIONING_PROFILE_SUPPORTED\=YES
    export PUBLIC_HEADERS_FOLDER_PATH\=Supabuckt.app/Headers
    export RECOMMENDED_IPHONEOS_DEPLOYMENT_TARGET\=15.0
    export RECURSIVE_SEARCH_PATHS_FOLLOW_SYMLINKS\=YES
    export REMOVE_CVS_FROM_RESOURCES\=YES
    export REMOVE_GIT_FROM_RESOURCES\=YES
    export REMOVE_HEADERS_FROM_EMBEDDED_BUNDLES\=YES
    export REMOVE_HG_FROM_RESOURCES\=YES
    export REMOVE_STATIC_EXECUTABLES_FROM_EMBEDDED_BUNDLES\=YES
    export REMOVE_SVN_FROM_RESOURCES\=YES
    export RESCHEDULE_INDEPENDENT_HEADERS_PHASES\=YES
    export REZ_COLLECTOR_DIR\=/Users/hieuvu/Library/Developer/Xcode/DerivedData/iosApp-bizzlwxnbcgzzldgvticrfgfpivi/Build/Intermediates.noindex/iosApp.build/Debug-iphonesimulator/iosApp.build/ResourceManagerResources
    export REZ_OBJECTS_DIR\=/Users/hieuvu/Library/Developer/Xcode/DerivedData/iosApp-bizzlwxnbcgzzldgvticrfgfpivi/Build/Intermediates.noindex/iosApp.build/Debug-iphonesimulator/iosApp.build/ResourceManagerResources/Objects
    export REZ_SEARCH_PATHS\=/Users/hieuvu/Library/Developer/Xcode/DerivedData/iosApp-bizzlwxnbcgzzldgvticrfgfpivi/Build/Products/Debug-iphonesimulator\ 
    export RUNTIME_EXCEPTION_ALLOW_DYLD_ENVIRONMENT_VARIABLES\=NO
    export RUNTIME_EXCEPTION_ALLOW_JIT\=NO
    export RUNTIME_EXCEPTION_ALLOW_UNSIGNED_EXECUTABLE_MEMORY\=NO
    export RUNTIME_EXCEPTION_DEBUGGING_TOOL\=NO
    export RUNTIME_EXCEPTION_DISABLE_EXECUTABLE_PAGE_PROTECTION\=NO
    export RUNTIME_EXCEPTION_DISABLE_LIBRARY_VALIDATION\=NO
    export SCAN_ALL_SOURCE_FILES_FOR_INCLUDES\=NO
    export SCRIPTS_FOLDER_PATH\=Supabuckt.app/Scripts
    export SCRIPT_INPUT_FILE_COUNT\=0
    export SCRIPT_INPUT_FILE_LIST_COUNT\=0
    export SCRIPT_OUTPUT_FILE_COUNT\=0
    export SCRIPT_OUTPUT_FILE_LIST_COUNT\=0
    export SDKROOT\=/Applications/Xcode.app/Contents/Developer/Platforms/iPhoneSimulator.platform/Developer/SDKs/iPhoneSimulator26.2.sdk
    export SDK_DIR\=/Applications/Xcode.app/Contents/Developer/Platforms/iPhoneSimulator.platform/Developer/SDKs/iPhoneSimulator26.2.sdk
    export SDK_DIR_iphonesimulator\=/Applications/Xcode.app/Contents/Developer/Platforms/iPhoneSimulator.platform/Developer/SDKs/iPhoneSimulator26.2.sdk
    export SDK_DIR_iphonesimulator26_2\=/Applications/Xcode.app/Contents/Developer/Platforms/iPhoneSimulator.platform/Developer/SDKs/iPhoneSimulator26.2.sdk
    export SDK_NAME\=iphonesimulator26.2
    export SDK_NAMES\=iphonesimulator26.2
    export SDK_PRODUCT_BUILD_VERSION\=23C57
    export SDK_STAT_CACHE_DIR\=/Users/hieuvu/Library/Developer/Xcode/DerivedData
    export SDK_STAT_CACHE_ENABLE\=YES
    export SDK_STAT_CACHE_PATH\=/Users/hieuvu/Library/Developer/Xcode/DerivedData/SDKStatCaches.noindex/iphonesimulator26.2-23C57-7d00a8b37fbd7999ea79df8ebc024bf0.sdkstatcache
    export SDK_VERSION\=26.2
    export SDK_VERSION_ACTUAL\=260200
    export SDK_VERSION_MAJOR\=260000
    export SDK_VERSION_MINOR\=260200
    export SED\=/usr/bin/sed
    export SEPARATE_STRIP\=NO
    export SEPARATE_SYMBOL_EDIT\=NO
    export SET_DIR_MODE_OWNER_GROUP\=YES
    export SET_FILE_MODE_OWNER_GROUP\=NO
    export SHALLOW_BUNDLE\=YES
    export SHALLOW_BUNDLE_TRIPLE\=ios-simulator
    export SHALLOW_BUNDLE_ios_macabi\=NO
    export SHALLOW_BUNDLE_macos\=NO
    export SHARED_DERIVED_FILE_DIR\=/Users/hieuvu/Library/Developer/Xcode/DerivedData/iosApp-bizzlwxnbcgzzldgvticrfgfpivi/Build/Products/Debug-iphonesimulator/DerivedSources
    export SHARED_FRAMEWORKS_FOLDER_PATH\=Supabuckt.app/SharedFrameworks
    export SHARED_PRECOMPS_DIR\=/Users/hieuvu/Library/Developer/Xcode/DerivedData/iosApp-bizzlwxnbcgzzldgvticrfgfpivi/Build/Intermediates.noindex/PrecompiledHeaders
    export SHARED_SUPPORT_FOLDER_PATH\=Supabuckt.app/SharedSupport
    export SKIP_INSTALL\=NO
    export SOURCE_ROOT\=/Users/hieuvu/Projects/supabase-storage-client/iosApp
    export SRCROOT\=/Users/hieuvu/Projects/supabase-storage-client/iosApp
    export STRINGSDATA_DIR\=/Users/hieuvu/Library/Developer/Xcode/DerivedData/iosApp-bizzlwxnbcgzzldgvticrfgfpivi/Build/Intermediates.noindex/iosApp.build/Debug-iphonesimulator/iosApp.build/Objects-normal/undefined_arch
    export STRINGSDATA_ROOT\=/Users/hieuvu/Library/Developer/Xcode/DerivedData/iosApp-bizzlwxnbcgzzldgvticrfgfpivi/Build/Intermediates.noindex/iosApp.build/Debug-iphonesimulator/iosApp.build
    export STRINGS_FILE_INFOPLIST_RENAME\=YES
    export STRINGS_FILE_OUTPUT_ENCODING\=binary
    export STRING_CATALOG_GENERATE_SYMBOLS\=NO
    export STRIP_BITCODE_FROM_COPIED_FILES\=NO
    export STRIP_INSTALLED_PRODUCT\=NO
    export STRIP_STYLE\=all
    export STRIP_SWIFT_SYMBOLS\=YES
    export SUPPORTED_DEVICE_FAMILIES\=1,2
    export SUPPORTED_PLATFORMS\=iphoneos\ iphonesimulator
    export SUPPORTS_MACCATALYST\=NO
    export SUPPORTS_ON_DEMAND_RESOURCES\=YES
    export SUPPORTS_TEXT_BASED_API\=NO
    export SUPPRESS_WARNINGS\=NO
    export SWIFT_ACTIVE_COMPILATION_CONDITIONS\=DEBUG\ 
    export SWIFT_EMIT_CONST_VALUE_PROTOCOLS\=AppIntent\ EntityQuery\ AppEntity\ TransientEntity\ AppEnum\ AppShortcutProviding\ AppShortcutsProvider\ AnyResolverProviding\ AppIntentsPackage\ DynamicOptionsProvider\ _IntentValueRepresentable\ _AssistantIntentsProvider\ _GenerativeFunctionExtractable\ IntentValueQuery\ Resolver\ AppExtension\ ExtensionPointDefining
    export SWIFT_EMIT_LOC_STRINGS\=YES
    export SWIFT_ENABLE_EXPLICIT_MODULES\=YES
    export SWIFT_OPTIMIZATION_LEVEL\=-Onone
    export SWIFT_PLATFORM_TARGET_PREFIX\=ios
    export SWIFT_RESPONSE_FILE_PATH_normal_arm64\=/Users/hieuvu/Library/Developer/Xcode/DerivedData/iosApp-bizzlwxnbcgzzldgvticrfgfpivi/Build/Intermediates.noindex/iosApp.build/Debug-iphonesimulator/iosApp.build/Objects-normal/arm64/Supabuckt.SwiftFileList
    export SWIFT_VERSION\=5.0
    export SYMROOT\=/Users/hieuvu/Library/Developer/Xcode/DerivedData/iosApp-bizzlwxnbcgzzldgvticrfgfpivi/Build/Products
    export SYSTEM_ADMIN_APPS_DIR\=/Applications/Utilities
    export SYSTEM_APPS_DIR\=/Applications
    export SYSTEM_CORE_SERVICES_DIR\=/System/Library/CoreServices
    export SYSTEM_DEMOS_DIR\=/Applications/Extras
    export SYSTEM_DEVELOPER_APPS_DIR\=/Applications/Xcode.app/Contents/Developer/Applications
    export SYSTEM_DEVELOPER_BIN_DIR\=/Applications/Xcode.app/Contents/Developer/usr/bin
    export SYSTEM_DEVELOPER_DEMOS_DIR\=/Applications/Xcode.app/Contents/Developer/Applications/Utilities/Built\ Examples
    export SYSTEM_DEVELOPER_DIR\=/Applications/Xcode.app/Contents/Developer
    export SYSTEM_DEVELOPER_DOC_DIR\=/Applications/Xcode.app/Contents/Developer/ADC\ Reference\ Library
    export SYSTEM_DEVELOPER_GRAPHICS_TOOLS_DIR\=/Applications/Xcode.app/Contents/Developer/Applications/Graphics\ Tools
    export SYSTEM_DEVELOPER_JAVA_TOOLS_DIR\=/Applications/Xcode.app/Contents/Developer/Applications/Java\ Tools
    export SYSTEM_DEVELOPER_PERFORMANCE_TOOLS_DIR\=/Applications/Xcode.app/Contents/Developer/Applications/Performance\ Tools
    export SYSTEM_DEVELOPER_RELEASENOTES_DIR\=/Applications/Xcode.app/Contents/Developer/ADC\ Reference\ Library/releasenotes
    export SYSTEM_DEVELOPER_TOOLS\=/Applications/Xcode.app/Contents/Developer/Tools
    export SYSTEM_DEVELOPER_TOOLS_DOC_DIR\=/Applications/Xcode.app/Contents/Developer/ADC\ Reference\ Library/documentation/DeveloperTools
    export SYSTEM_DEVELOPER_TOOLS_RELEASENOTES_DIR\=/Applications/Xcode.app/Contents/Developer/ADC\ Reference\ Library/releasenotes/DeveloperTools
    export SYSTEM_DEVELOPER_USR_DIR\=/Applications/Xcode.app/Contents/Developer/usr
    export SYSTEM_DEVELOPER_UTILITIES_DIR\=/Applications/Xcode.app/Contents/Developer/Applications/Utilities
    export SYSTEM_DEXT_INSTALL_PATH\=/System/Library/DriverExtensions
    export SYSTEM_DOCUMENTATION_DIR\=/Library/Documentation
    export SYSTEM_EXTENSIONS_FOLDER_PATH\=Supabuckt.app/SystemExtensions
    export SYSTEM_EXTENSIONS_FOLDER_PATH_SHALLOW_BUNDLE_NO\=Supabuckt.app/Library/SystemExtensions
    export SYSTEM_EXTENSIONS_FOLDER_PATH_SHALLOW_BUNDLE_YES\=Supabuckt.app/SystemExtensions
    export SYSTEM_KEXT_INSTALL_PATH\=/System/Library/Extensions
    export SYSTEM_LIBRARY_DIR\=/System/Library
    export TAPI_DEMANGLE\=YES
    export TAPI_ENABLE_PROJECT_HEADERS\=NO
    export TAPI_LANGUAGE\=objective-c
    export TAPI_LANGUAGE_STANDARD\=compiler-default
    export TAPI_USE_SRCROOT\=YES
    export TAPI_VERIFY_MODE\=Pedantic
    export TARGETED_DEVICE_FAMILY\=1,2
    export TARGETNAME\=iosApp
    export TARGET_BUILD_DIR\=/Users/hieuvu/Library/Developer/Xcode/DerivedData/iosApp-bizzlwxnbcgzzldgvticrfgfpivi/Build/Products/Debug-iphonesimulator
    export TARGET_DEVICE_IDENTIFIER\=5CB2AEA8-EF44-4B86-9BC2-009556D33985
    export TARGET_DEVICE_MODEL\=iPhone14,6
    export TARGET_DEVICE_OS_VERSION\=26.1
    export TARGET_DEVICE_PLATFORM_NAME\=iphonesimulator
    export TARGET_NAME\=iosApp
    export TARGET_TEMP_DIR\=/Users/hieuvu/Library/Developer/Xcode/DerivedData/iosApp-bizzlwxnbcgzzldgvticrfgfpivi/Build/Intermediates.noindex/iosApp.build/Debug-iphonesimulator/iosApp.build
    export TEMP_DIR\=/Users/hieuvu/Library/Developer/Xcode/DerivedData/iosApp-bizzlwxnbcgzzldgvticrfgfpivi/Build/Intermediates.noindex/iosApp.build/Debug-iphonesimulator/iosApp.build
    export TEMP_FILES_DIR\=/Users/hieuvu/Library/Developer/Xcode/DerivedData/iosApp-bizzlwxnbcgzzldgvticrfgfpivi/Build/Intermediates.noindex/iosApp.build/Debug-iphonesimulator/iosApp.build
    export TEMP_FILE_DIR\=/Users/hieuvu/Library/Developer/Xcode/DerivedData/iosApp-bizzlwxnbcgzzldgvticrfgfpivi/Build/Intermediates.noindex/iosApp.build/Debug-iphonesimulator/iosApp.build
    export TEMP_ROOT\=/Users/hieuvu/Library/Developer/Xcode/DerivedData/iosApp-bizzlwxnbcgzzldgvticrfgfpivi/Build/Intermediates.noindex
    export TEMP_SANDBOX_DIR\=/Users/hieuvu/Library/Developer/Xcode/DerivedData/iosApp-bizzlwxnbcgzzldgvticrfgfpivi/Build/Intermediates.noindex/TemporaryTaskSandboxes
    export TEST_FRAMEWORK_SEARCH_PATHS\=\ /Applications/Xcode.app/Contents/Developer/Platforms/iPhoneSimulator.platform/Developer/Library/Frameworks\ /Applications/Xcode.app/Contents/Developer/Platforms/iPhoneSimulator.platform/Developer/SDKs/iPhoneSimulator26.2.sdk/Developer/Library/Frameworks
    export TEST_LIBRARY_SEARCH_PATHS\=\ /Applications/Xcode.app/Contents/Developer/Platforms/iPhoneSimulator.platform/Developer/usr/lib
    export TOOLCHAINS\=com.apple.dt.toolchain.XcodeDefault
    export TOOLCHAIN_DIR\=/Applications/Xcode.app/Contents/Developer/Toolchains/XcodeDefault.xctoolchain
    export TREAT_MISSING_BASELINES_AS_TEST_FAILURES\=NO
    export TREAT_MISSING_SCRIPT_PHASE_OUTPUTS_AS_ERRORS\=NO
    export TeamIdentifierPrefix\=GS2V32ACLJ.
    export UID\=501
    export UNINSTALLED_PRODUCTS_DIR\=/Users/hieuvu/Library/Developer/Xcode/DerivedData/iosApp-bizzlwxnbcgzzldgvticrfgfpivi/Build/Intermediates.noindex/UninstalledProducts
    export UNLOCALIZED_RESOURCES_FOLDER_PATH\=Supabuckt.app
    export UNLOCALIZED_RESOURCES_FOLDER_PATH_SHALLOW_BUNDLE_NO\=Supabuckt.app/Resources
    export UNLOCALIZED_RESOURCES_FOLDER_PATH_SHALLOW_BUNDLE_YES\=Supabuckt.app
    export UNSTRIPPED_PRODUCT\=NO
    export USER\=hieuvu
    export USER_APPS_DIR\=/Users/hieuvu/Applications
    export USER_LIBRARY_DIR\=/Users/hieuvu/Library
    export USE_DYNAMIC_NO_PIC\=YES
    export USE_HEADERMAP\=YES
    export USE_HEADER_SYMLINKS\=NO
    export VALIDATE_DEVELOPMENT_ASSET_PATHS\=YES_ERROR
    export VALIDATE_PRODUCT\=NO
    export VALID_ARCHS\=arm64\ x86_64
    export VERBOSE_PBXCP\=NO
    export VERSIONPLIST_PATH\=Supabuckt.app/version.plist
    export VERSION_INFO_BUILDER\=hieuvu
    export VERSION_INFO_FILE\=Supabuckt_vers.c
    export VERSION_INFO_STRING\=\"@\(\#\)PROGRAM:Supabuckt\ \ PROJECT:iosApp-1\"
    export WORKSPACE_DIR\=/Users/hieuvu/Projects/supabase-storage-client/iosApp/iosApp.xcodeproj
    export WRAPPER_EXTENSION\=app
    export WRAPPER_NAME\=Supabuckt.app
    export WRAPPER_SUFFIX\=.app
    export WRAP_ASSET_PACKS_IN_SEPARATE_DIRECTORIES\=NO
    export XCODE_APP_SUPPORT_DIR\=/Applications/Xcode.app/Contents/Developer/Library/Xcode
    export XCODE_PRODUCT_BUILD_VERSION\=17C529
    export XCODE_VERSION_ACTUAL\=2630
    export XCODE_VERSION_MAJOR\=2600
    export XCODE_VERSION_MINOR\=2630
    export XPCSERVICES_FOLDER_PATH\=Supabuckt.app/XPCServices
    export YACC\=yacc
    export _DISCOVER_COMMAND_LINE_LINKER_INPUTS\=YES
    export _DISCOVER_COMMAND_LINE_LINKER_INPUTS_INCLUDE_WL\=YES
    export _LD_MULTIARCH\=YES
    export _WRAPPER_CONTENTS_DIR_SHALLOW_BUNDLE_NO\=/Contents
    export _WRAPPER_PARENT_PATH_SHALLOW_BUNDLE_NO\=/..
    export _WRAPPER_RESOURCES_DIR_SHALLOW_BUNDLE_NO\=/Resources
    export __DIAGNOSE_DEPRECATED_ARCHS\=YES
    export __IS_NOT_MACOS\=YES
    export __IS_NOT_MACOS_macosx\=NO
    export __IS_NOT_SIMULATOR\=NO
    export __IS_NOT_SIMULATOR_simulator\=NO
    export arch\=undefined_arch
    export variant\=normal
    /bin/sh -c /Users/hieuvu/Library/Developer/Xcode/DerivedData/iosApp-bizzlwxnbcgzzldgvticrfgfpivi/Build/Intermediates.noindex/iosApp.build/Debug-iphonesimulator/iosApp.build/Script-B6B6F0AF29DD75B9569600A3.sh
Calculating task graph as configuration cache cannot be reused because file 'composeApp/build.gradle.kts' has changed.
Type-safe project accessors is an incubating feature.

> Configure project :composeApp
w: file:///Users/hieuvu/Projects/supabase-storage-client/composeApp/build.gradle.kts:17:5: 'androidTarget(Action<KotlinAndroidTarget>): KotlinAndroidTarget' is deprecated. The 'org.jetbrains.kotlin.multiplatform' plugin will not be compatible with most of the Android Gradle plugins since Android Gradle Plugin version 9.0.0.

Please use the 'com.android.kotlin.multiplatform.library' plugin instead. Read more: https://kotl.in/gradle/agp-new-kmp

The change may require changing the structure of the your project. Read more: https://kotl.in/kmp-project-structure-migration
w: [33m[1m⚠️ The 'org.jetbrains.kotlin.multiplatform' plugin deprecated compatibility with Android Gradle plugin: 'com.android.application'[0m[0m
The 'org.jetbrains.kotlin.multiplatform' plugin will not be compatible with 'com.android.application' starting with Android Gradle Plugin 9.0.0.

Please change the structure of the your project and move the usage of 'com.android.application' into a separate subproject. The new subproject should add a dependency on this KMP subproject.

Read more: https://kotl.in/kmp-project-structure-migration
[32m[1mSolution:[0m[0m
[32m[3mPlease change the structure of your project and move the usage of 'com.android.application' into a separate subproject.[0m[0m
[36mSee [0m[34mhttps://kotl.in/gradle/agp-new-kmp[0m[36m for more details.[0m


> Task :composeApp:convertXmlValueResourcesForAppleMain NO-SOURCE
> Task :composeApp:convertXmlValueResourcesForIosMain NO-SOURCE
> Task :composeApp:convertXmlValueResourcesForNativeMain NO-SOURCE
> Task :composeApp:generateComposeResClass UP-TO-DATE
> Task :composeApp:copyNonXmlValueResourcesForAppleMain NO-SOURCE
> Task :composeApp:convertXmlValueResourcesForIosSimulatorArm64Main NO-SOURCE
> Task :composeApp:copyNonXmlValueResourcesForIosMain NO-SOURCE
> Task :composeApp:generateExpectResourceCollectorsForCommonMain UP-TO-DATE
> Task :composeApp:kmpPartiallyResolvedDependenciesChecker
> Task :composeApp:copyNonXmlValueResourcesForIosSimulatorArm64Main NO-SOURCE
> Task :composeApp:checkSandboxAndWriteProtection
> Task :composeApp:generateCommonMainAppDatabaseInterface UP-TO-DATE
> Task :composeApp:copyNonXmlValueResourcesForNativeMain NO-SOURCE
> Task :composeApp:createBuildSystemDirectory
> Task :composeApp:checkKotlinGradlePluginConfigurationErrors SKIPPED
> Task :composeApp:prepareComposeResourcesTaskForAppleMain NO-SOURCE
> Task :composeApp:prepareComposeResourcesTaskForIosSimulatorArm64Main NO-SOURCE
> Task :composeApp:generateResourceAccessorsForIosSimulatorArm64Main NO-SOURCE
> Task :composeApp:copyNonXmlValueResourcesForCommonMain UP-TO-DATE
> Task :composeApp:symbolicLinkToAssembleDebugAppleFrameworkForXcodeIosSimulatorArm64 UP-TO-DATE
> Task :composeApp:checkCanSyncComposeResourcesForIos
> Task :composeApp:iosSimulatorArm64ResolveResourcesFromDependencies UP-TO-DATE
> Task :composeApp:convertXmlValueResourcesForIosArm64Main NO-SOURCE
> Task :composeApp:generateResourceAccessorsForAppleMain NO-SOURCE
> Task :composeApp:iosArm64ResolveResourcesFromDependencies UP-TO-DATE
> Task :composeApp:prepareComposeResourcesTaskForIosMain NO-SOURCE
> Task :composeApp:prepareComposeResourcesTaskForNativeMain NO-SOURCE
> Task :composeApp:convertXmlValueResourcesForCommonMain NO-SOURCE
> Task :composeApp:copyNonXmlValueResourcesForIosArm64Main NO-SOURCE
> Task :composeApp:generateResourceAccessorsForIosMain NO-SOURCE
> Task :composeApp:generateResourceAccessorsForNativeMain NO-SOURCE
> Task :composeApp:prepareComposeResourcesTaskForIosArm64Main NO-SOURCE
> Task :composeApp:prepareComposeResourcesTaskForCommonMain UP-TO-DATE
> Task :composeApp:generateResourceAccessorsForCommonMain UP-TO-DATE
> Task :composeApp:generateActualResourceCollectorsForIosSimulatorArm64Main UP-TO-DATE
> Task :composeApp:assembleIosArm64MainResources UP-TO-DATE
> Task :composeApp:assembleIosSimulatorArm64MainResources UP-TO-DATE
> Task :composeApp:iosArm64ResolveSelfResourcesCopyHierarchicalMultiplatformResources UP-TO-DATE
> Task :composeApp:iosSimulatorArm64ResolveSelfResourcesCopyHierarchicalMultiplatformResources UP-TO-DATE
> Task :composeApp:iosArm64AggregateResources UP-TO-DATE
> Task :composeApp:iosSimulatorArm64AggregateResources UP-TO-DATE
> Task :composeApp:downloadKotlinNativeDistribution UP-TO-DATE
> Task :composeApp:syncComposeResourcesForIos UP-TO-DATE
> Task :composeApp:compileKotlinIosSimulatorArm64 UP-TO-DATE
> Task :composeApp:linkDebugFrameworkIosSimulatorArm64
warning: Cannot infer a bundle ID from packages of source files and exported dependencies, use the bundle name instead: ComposeApp. Please specify the bundle ID explicitly using the -Xbinary=bundleId=<id> compiler flag.

> Task :composeApp:assembleDebugAppleFrameworkForXcodeIosSimulatorArm64
> Task :composeApp:copyDsymForEmbedAndSignAppleFrameworkForXcode SKIPPED
> Task :composeApp:embedAndSignAppleFrameworkForXcode SKIPPED

[Incubating] Problems report is available at: file:///Users/hieuvu/Projects/supabase-storage-client/build/reports/problems/problems-report.html

BUILD SUCCESSFUL in 2m 34s
25 actionable tasks: 6 executed, 19 up-to-date
Configuration cache entry stored.

CompileAssetCatalogVariant thinned /Users/hieuvu/Library/Developer/Xcode/DerivedData/iosApp-bizzlwxnbcgzzldgvticrfgfpivi/Build/Products/Debug-iphonesimulator/Supabuckt.app /Users/hieuvu/Projects/supabase-storage-client/iosApp/iosApp/Preview\ Content/Preview\ Assets.xcassets /Users/hieuvu/Projects/supabase-storage-client/iosApp/iosApp/Assets.xcassets (in target 'iosApp' from project 'iosApp')
    cd /Users/hieuvu/Projects/supabase-storage-client/iosApp
    /Applications/Xcode.app/Contents/Developer/usr/bin/actool /Users/hieuvu/Projects/supabase-storage-client/iosApp/iosApp/Preview\ Content/Preview\ Assets.xcassets /Users/hieuvu/Projects/supabase-storage-client/iosApp/iosApp/Assets.xcassets --compile /Users/hieuvu/Library/Developer/Xcode/DerivedData/iosApp-bizzlwxnbcgzzldgvticrfgfpivi/Build/Intermediates.noindex/iosApp.build/Debug-iphonesimulator/iosApp.build/assetcatalog_output/thinned --output-format human-readable-text --notices --warnings --export-dependency-info /Users/hieuvu/Library/Developer/Xcode/DerivedData/iosApp-bizzlwxnbcgzzldgvticrfgfpivi/Build/Intermediates.noindex/iosApp.build/Debug-iphonesimulator/iosApp.build/assetcatalog_dependencies_thinned --output-partial-info-plist /Users/hieuvu/Library/Developer/Xcode/DerivedData/iosApp-bizzlwxnbcgzzldgvticrfgfpivi/Build/Intermediates.noindex/iosApp.build/Debug-iphonesimulator/iosApp.build/assetcatalog_generated_info.plist_thinned --app-icon AppIcon --include-all-app-icons --accent-color AccentColor --compress-pngs --enable-on-demand-resources YES --filter-for-thinning-device-configuration iPhone14,6 --filter-for-device-os-version 26.1 --development-region en --target-device iphone --target-device ipad --minimum-deployment-target 18.2 --platform iphonesimulator

Ld /Users/hieuvu/Library/Developer/Xcode/DerivedData/iosApp-bizzlwxnbcgzzldgvticrfgfpivi/Build/Products/Debug-iphonesimulator/Supabuckt.app/__preview.dylib normal (in target 'iosApp' from project 'iosApp')
    cd /Users/hieuvu/Projects/supabase-storage-client/iosApp
    /Applications/Xcode.app/Contents/Developer/Toolchains/XcodeDefault.xctoolchain/usr/bin/clang -Xlinker -reproducible -target arm64-apple-ios18.2-simulator -dynamiclib -isysroot /Applications/Xcode.app/Contents/Developer/Platforms/iPhoneSimulator.platform/Developer/SDKs/iPhoneSimulator26.2.sdk -O0 -L/Users/hieuvu/Library/Developer/Xcode/DerivedData/iosApp-bizzlwxnbcgzzldgvticrfgfpivi/Build/Products/Debug-iphonesimulator -F/Users/hieuvu/Library/Developer/Xcode/DerivedData/iosApp-bizzlwxnbcgzzldgvticrfgfpivi/Build/Products/Debug-iphonesimulator/PackageFrameworks -F/Users/hieuvu/Library/Developer/Xcode/DerivedData/iosApp-bizzlwxnbcgzzldgvticrfgfpivi/Build/Products/Debug-iphonesimulator/PackageFrameworks -F/Users/hieuvu/Library/Developer/Xcode/DerivedData/iosApp-bizzlwxnbcgzzldgvticrfgfpivi/Build/Products/Debug-iphonesimulator/PackageFrameworks -F/Users/hieuvu/Library/Developer/Xcode/DerivedData/iosApp-bizzlwxnbcgzzldgvticrfgfpivi/Build/Products/Debug-iphonesimulator/PackageFrameworks -F/Users/hieuvu/Library/Developer/Xcode/DerivedData/iosApp-bizzlwxnbcgzzldgvticrfgfpivi/Build/Products/Debug-iphonesimulator -F/Users/hieuvu/Projects/supabase-storage-client/composeApp/build/xcode-frameworks/Debug/iphonesimulator26.2 -install_name @rpath/Supabuckt.debug.dylib -dead_strip -rdynamic -Xlinker -no_deduplicate -Xlinker -objc_abi_version -Xlinker 2 -Xlinker -dependency_info -Xlinker /Users/hieuvu/Library/Developer/Xcode/DerivedData/iosApp-bizzlwxnbcgzzldgvticrfgfpivi/Build/Intermediates.noindex/iosApp.build/Debug-iphonesimulator/iosApp.build/Objects-normal/arm64/Supabuckt_dependency_info.dat -Xlinker -sectcreate -Xlinker __TEXT -Xlinker __entitlements -Xlinker /Users/hieuvu/Library/Developer/Xcode/DerivedData/iosApp-bizzlwxnbcgzzldgvticrfgfpivi/Build/Intermediates.noindex/iosApp.build/Debug-iphonesimulator/iosApp.build/Supabuckt.app-Simulated.xcent -Xlinker -sectcreate -Xlinker __TEXT -Xlinker __ents_der -Xlinker /Users/hieuvu/Library/Developer/Xcode/DerivedData/iosApp-bizzlwxnbcgzzldgvticrfgfpivi/Build/Intermediates.noindex/iosApp.build/Debug-iphonesimulator/iosApp.build/Supabuckt.app-Simulated.xcent.der -Xlinker -no_adhoc_codesign -o /Users/hieuvu/Library/Developer/Xcode/DerivedData/iosApp-bizzlwxnbcgzzldgvticrfgfpivi/Build/Products/Debug-iphonesimulator/Supabuckt.app/__preview.dylib

SwiftDriver iosApp normal arm64 com.apple.xcode.tools.swift.compiler (in target 'iosApp' from project 'iosApp')
    cd /Users/hieuvu/Projects/supabase-storage-client/iosApp
    builtin-SwiftDriver -- /Applications/Xcode.app/Contents/Developer/Toolchains/XcodeDefault.xctoolchain/usr/bin/swiftc -module-name Supabuckt -Onone -enforce-exclusivity\=checked @/Users/hieuvu/Library/Developer/Xcode/DerivedData/iosApp-bizzlwxnbcgzzldgvticrfgfpivi/Build/Intermediates.noindex/iosApp.build/Debug-iphonesimulator/iosApp.build/Objects-normal/arm64/Supabuckt.SwiftFileList -DDEBUG -enable-bare-slash-regex -enable-experimental-feature DebugDescriptionMacro -sdk /Applications/Xcode.app/Contents/Developer/Platforms/iPhoneSimulator.platform/Developer/SDKs/iPhoneSimulator26.2.sdk -target arm64-apple-ios18.2-simulator -g -module-cache-path /Users/hieuvu/Library/Developer/Xcode/DerivedData/ModuleCache.noindex -Xfrontend -serialize-debugging-options -enable-testing -index-store-path /Users/hieuvu/Library/Developer/Xcode/DerivedData/iosApp-bizzlwxnbcgzzldgvticrfgfpivi/Index.noindex/DataStore -Xcc -D_LIBCPP_HARDENING_MODE\=_LIBCPP_HARDENING_MODE_DEBUG -swift-version 5 -I /Users/hieuvu/Library/Developer/Xcode/DerivedData/iosApp-bizzlwxnbcgzzldgvticrfgfpivi/Build/Products/Debug-iphonesimulator -F /Users/hieuvu/Library/Developer/Xcode/DerivedData/iosApp-bizzlwxnbcgzzldgvticrfgfpivi/Build/Products/Debug-iphonesimulator/PackageFrameworks -F /Users/hieuvu/Library/Developer/Xcode/DerivedData/iosApp-bizzlwxnbcgzzldgvticrfgfpivi/Build/Products/Debug-iphonesimulator/PackageFrameworks -F /Users/hieuvu/Library/Developer/Xcode/DerivedData/iosApp-bizzlwxnbcgzzldgvticrfgfpivi/Build/Products/Debug-iphonesimulator/PackageFrameworks -F /Users/hieuvu/Library/Developer/Xcode/DerivedData/iosApp-bizzlwxnbcgzzldgvticrfgfpivi/Build/Products/Debug-iphonesimulator/PackageFrameworks -F /Users/hieuvu/Library/Developer/Xcode/DerivedData/iosApp-bizzlwxnbcgzzldgvticrfgfpivi/Build/Products/Debug-iphonesimulator -F /Users/hieuvu/Projects/supabase-storage-client/composeApp/build/xcode-frameworks/Debug/iphonesimulator26.2 -emit-localized-strings -emit-localized-strings-path /Users/hieuvu/Library/Developer/Xcode/DerivedData/iosApp-bizzlwxnbcgzzldgvticrfgfpivi/Build/Intermediates.noindex/iosApp.build/Debug-iphonesimulator/iosApp.build/Objects-normal/arm64 -c -j10 -enable-batch-mode -incremental -Xcc -ivfsstatcache -Xcc /Users/hieuvu/Library/Developer/Xcode/DerivedData/SDKStatCaches.noindex/iphonesimulator26.2-23C57-7d00a8b37fbd7999ea79df8ebc024bf0.sdkstatcache -output-file-map /Users/hieuvu/Library/Developer/Xcode/DerivedData/iosApp-bizzlwxnbcgzzldgvticrfgfpivi/Build/Intermediates.noindex/iosApp.build/Debug-iphonesimulator/iosApp.build/Objects-normal/arm64/iosApp-OutputFileMap.json -use-frontend-parseable-output -save-temps -no-color-diagnostics -explicit-module-build -module-cache-path /Users/hieuvu/Library/Developer/Xcode/DerivedData/iosApp-bizzlwxnbcgzzldgvticrfgfpivi/Build/Intermediates.noindex/SwiftExplicitPrecompiledModules -clang-scanner-module-cache-path /Users/hieuvu/Library/Developer/Xcode/DerivedData/ModuleCache.noindex -sdk-module-cache-path /Users/hieuvu/Library/Developer/Xcode/DerivedData/ModuleCache.noindex -serialize-diagnostics -emit-dependencies -emit-module -emit-module-path /Users/hieuvu/Library/Developer/Xcode/DerivedData/iosApp-bizzlwxnbcgzzldgvticrfgfpivi/Build/Intermediates.noindex/iosApp.build/Debug-iphonesimulator/iosApp.build/Objects-normal/arm64/Supabuckt.swiftmodule -validate-clang-modules-once -clang-build-session-file /Users/hieuvu/Library/Developer/Xcode/DerivedData/ModuleCache.noindex/Session.modulevalidation -Xcc -I/Users/hieuvu/Library/Developer/Xcode/DerivedData/iosApp-bizzlwxnbcgzzldgvticrfgfpivi/Build/Intermediates.noindex/iosApp.build/Debug-iphonesimulator/iosApp.build/swift-overrides.hmap -emit-const-values -Xfrontend -const-gather-protocols-file -Xfrontend /Users/hieuvu/Library/Developer/Xcode/DerivedData/iosApp-bizzlwxnbcgzzldgvticrfgfpivi/Build/Intermediates.noindex/iosApp.build/Debug-iphonesimulator/iosApp.build/Objects-normal/arm64/iosApp_const_extract_protocols.json -Xcc -iquote -Xcc /Users/hieuvu/Library/Developer/Xcode/DerivedData/iosApp-bizzlwxnbcgzzldgvticrfgfpivi/Build/Intermediates.noindex/iosApp.build/Debug-iphonesimulator/iosApp.build/Supabuckt-generated-files.hmap -Xcc -I/Users/hieuvu/Library/Developer/Xcode/DerivedData/iosApp-bizzlwxnbcgzzldgvticrfgfpivi/Build/Intermediates.noindex/iosApp.build/Debug-iphonesimulator/iosApp.build/Supabuckt-own-target-headers.hmap -Xcc -I/Users/hieuvu/Library/Developer/Xcode/DerivedData/iosApp-bizzlwxnbcgzzldgvticrfgfpivi/Build/Intermediates.noindex/iosApp.build/Debug-iphonesimulator/iosApp.build/Supabuckt-all-non-framework-target-headers.hmap -Xcc -ivfsoverlay -Xcc /Users/hieuvu/Library/Developer/Xcode/DerivedData/iosApp-bizzlwxnbcgzzldgvticrfgfpivi/Build/Intermediates.noindex/iosApp.build/Debug-iphonesimulator/iosApp-7b79493a8b7fc1f2fff3c51cd12ba024-VFS-iphonesimulator/all-product-headers.yaml -Xcc -iquote -Xcc /Users/hieuvu/Library/Developer/Xcode/DerivedData/iosApp-bizzlwxnbcgzzldgvticrfgfpivi/Build/Intermediates.noindex/iosApp.build/Debug-iphonesimulator/iosApp.build/Supabuckt-project-headers.hmap -Xcc -I/Users/hieuvu/Library/Developer/Xcode/DerivedData/iosApp-bizzlwxnbcgzzldgvticrfgfpivi/Build/Products/Debug-iphonesimulator/include -Xcc -I/Users/hieuvu/Library/Developer/Xcode/DerivedData/iosApp-bizzlwxnbcgzzldgvticrfgfpivi/Build/Intermediates.noindex/iosApp.build/Debug-iphonesimulator/iosApp.build/DerivedSources-normal/arm64 -Xcc -I/Users/hieuvu/Library/Developer/Xcode/DerivedData/iosApp-bizzlwxnbcgzzldgvticrfgfpivi/Build/Intermediates.noindex/iosApp.build/Debug-iphonesimulator/iosApp.build/DerivedSources/arm64 -Xcc -I/Users/hieuvu/Library/Developer/Xcode/DerivedData/iosApp-bizzlwxnbcgzzldgvticrfgfpivi/Build/Intermediates.noindex/iosApp.build/Debug-iphonesimulator/iosApp.build/DerivedSources -Xcc -DDEBUG\=1 -emit-objc-header -emit-objc-header-path /Users/hieuvu/Library/Developer/Xcode/DerivedData/iosApp-bizzlwxnbcgzzldgvticrfgfpivi/Build/Intermediates.noindex/iosApp.build/Debug-iphonesimulator/iosApp.build/Objects-normal/arm64/Supabuckt-Swift.h -working-directory /Users/hieuvu/Projects/supabase-storage-client/iosApp -experimental-emit-module-separately -disable-cmo

SwiftExplicitDependencyGeneratePcm arm64 /Users/hieuvu/Library/Developer/Xcode/DerivedData/iosApp-bizzlwxnbcgzzldgvticrfgfpivi/Build/Intermediates.noindex/SwiftExplicitPrecompiledModules/ComposeApp-CJUITBP979X7RRYBKW4BY8711.pcm

SwiftCompile normal arm64 Compiling\ ContentView.swift /Users/hieuvu/Projects/supabase-storage-client/iosApp/iosApp/ContentView.swift (in target 'iosApp' from project 'iosApp')

SwiftCompile normal arm64 /Users/hieuvu/Projects/supabase-storage-client/iosApp/iosApp/ContentView.swift (in target 'iosApp' from project 'iosApp')
    cd /Users/hieuvu/Projects/supabase-storage-client/iosApp
    

SwiftEmitModule normal arm64 Emitting\ module\ for\ Supabuckt (in target 'iosApp' from project 'iosApp')

EmitSwiftModule normal arm64 (in target 'iosApp' from project 'iosApp')
    cd /Users/hieuvu/Projects/supabase-storage-client/iosApp
    

SwiftCompile normal arm64 Compiling\ iOSApp.swift /Users/hieuvu/Projects/supabase-storage-client/iosApp/iosApp/iOSApp.swift (in target 'iosApp' from project 'iosApp')

SwiftCompile normal arm64 /Users/hieuvu/Projects/supabase-storage-client/iosApp/iosApp/iOSApp.swift (in target 'iosApp' from project 'iosApp')
    cd /Users/hieuvu/Projects/supabase-storage-client/iosApp
    

SwiftCompile normal arm64 Compiling\ GeneratedAssetSymbols.swift /Users/hieuvu/Library/Developer/Xcode/DerivedData/iosApp-bizzlwxnbcgzzldgvticrfgfpivi/Build/Intermediates.noindex/iosApp.build/Debug-iphonesimulator/iosApp.build/DerivedSources/GeneratedAssetSymbols.swift (in target 'iosApp' from project 'iosApp')

SwiftCompile normal arm64 /Users/hieuvu/Library/Developer/Xcode/DerivedData/iosApp-bizzlwxnbcgzzldgvticrfgfpivi/Build/Intermediates.noindex/iosApp.build/Debug-iphonesimulator/iosApp.build/DerivedSources/GeneratedAssetSymbols.swift (in target 'iosApp' from project 'iosApp')
    cd /Users/hieuvu/Projects/supabase-storage-client/iosApp
    

SwiftDriverJobDiscovery normal arm64 Emitting module for Supabuckt (in target 'iosApp' from project 'iosApp')

SwiftDriver\ Compilation\ Requirements iosApp normal arm64 com.apple.xcode.tools.swift.compiler (in target 'iosApp' from project 'iosApp')
    cd /Users/hieuvu/Projects/supabase-storage-client/iosApp
    builtin-Swift-Compilation-Requirements -- /Applications/Xcode.app/Contents/Developer/Toolchains/XcodeDefault.xctoolchain/usr/bin/swiftc -module-name Supabuckt -Onone -enforce-exclusivity\=checked @/Users/hieuvu/Library/Developer/Xcode/DerivedData/iosApp-bizzlwxnbcgzzldgvticrfgfpivi/Build/Intermediates.noindex/iosApp.build/Debug-iphonesimulator/iosApp.build/Objects-normal/arm64/Supabuckt.SwiftFileList -DDEBUG -enable-bare-slash-regex -enable-experimental-feature DebugDescriptionMacro -sdk /Applications/Xcode.app/Contents/Developer/Platforms/iPhoneSimulator.platform/Developer/SDKs/iPhoneSimulator26.2.sdk -target arm64-apple-ios18.2-simulator -g -module-cache-path /Users/hieuvu/Library/Developer/Xcode/DerivedData/ModuleCache.noindex -Xfrontend -serialize-debugging-options -enable-testing -index-store-path /Users/hieuvu/Library/Developer/Xcode/DerivedData/iosApp-bizzlwxnbcgzzldgvticrfgfpivi/Index.noindex/DataStore -Xcc -D_LIBCPP_HARDENING_MODE\=_LIBCPP_HARDENING_MODE_DEBUG -swift-version 5 -I /Users/hieuvu/Library/Developer/Xcode/DerivedData/iosApp-bizzlwxnbcgzzldgvticrfgfpivi/Build/Products/Debug-iphonesimulator -F /Users/hieuvu/Library/Developer/Xcode/DerivedData/iosApp-bizzlwxnbcgzzldgvticrfgfpivi/Build/Products/Debug-iphonesimulator/PackageFrameworks -F /Users/hieuvu/Library/Developer/Xcode/DerivedData/iosApp-bizzlwxnbcgzzldgvticrfgfpivi/Build/Products/Debug-iphonesimulator/PackageFrameworks -F /Users/hieuvu/Library/Developer/Xcode/DerivedData/iosApp-bizzlwxnbcgzzldgvticrfgfpivi/Build/Products/Debug-iphonesimulator/PackageFrameworks -F /Users/hieuvu/Library/Developer/Xcode/DerivedData/iosApp-bizzlwxnbcgzzldgvticrfgfpivi/Build/Products/Debug-iphonesimulator/PackageFrameworks -F /Users/hieuvu/Library/Developer/Xcode/DerivedData/iosApp-bizzlwxnbcgzzldgvticrfgfpivi/Build/Products/Debug-iphonesimulator -F /Users/hieuvu/Projects/supabase-storage-client/composeApp/build/xcode-frameworks/Debug/iphonesimulator26.2 -emit-localized-strings -emit-localized-strings-path /Users/hieuvu/Library/Developer/Xcode/DerivedData/iosApp-bizzlwxnbcgzzldgvticrfgfpivi/Build/Intermediates.noindex/iosApp.build/Debug-iphonesimulator/iosApp.build/Objects-normal/arm64 -c -j10 -enable-batch-mode -incremental -Xcc -ivfsstatcache -Xcc /Users/hieuvu/Library/Developer/Xcode/DerivedData/SDKStatCaches.noindex/iphonesimulator26.2-23C57-7d00a8b37fbd7999ea79df8ebc024bf0.sdkstatcache -output-file-map /Users/hieuvu/Library/Developer/Xcode/DerivedData/iosApp-bizzlwxnbcgzzldgvticrfgfpivi/Build/Intermediates.noindex/iosApp.build/Debug-iphonesimulator/iosApp.build/Objects-normal/arm64/iosApp-OutputFileMap.json -use-frontend-parseable-output -save-temps -no-color-diagnostics -explicit-module-build -module-cache-path /Users/hieuvu/Library/Developer/Xcode/DerivedData/iosApp-bizzlwxnbcgzzldgvticrfgfpivi/Build/Intermediates.noindex/SwiftExplicitPrecompiledModules -clang-scanner-module-cache-path /Users/hieuvu/Library/Developer/Xcode/DerivedData/ModuleCache.noindex -sdk-module-cache-path /Users/hieuvu/Library/Developer/Xcode/DerivedData/ModuleCache.noindex -serialize-diagnostics -emit-dependencies -emit-module -emit-module-path /Users/hieuvu/Library/Developer/Xcode/DerivedData/iosApp-bizzlwxnbcgzzldgvticrfgfpivi/Build/Intermediates.noindex/iosApp.build/Debug-iphonesimulator/iosApp.build/Objects-normal/arm64/Supabuckt.swiftmodule -validate-clang-modules-once -clang-build-session-file /Users/hieuvu/Library/Developer/Xcode/DerivedData/ModuleCache.noindex/Session.modulevalidation -Xcc -I/Users/hieuvu/Library/Developer/Xcode/DerivedData/iosApp-bizzlwxnbcgzzldgvticrfgfpivi/Build/Intermediates.noindex/iosApp.build/Debug-iphonesimulator/iosApp.build/swift-overrides.hmap -emit-const-values -Xfrontend -const-gather-protocols-file -Xfrontend /Users/hieuvu/Library/Developer/Xcode/DerivedData/iosApp-bizzlwxnbcgzzldgvticrfgfpivi/Build/Intermediates.noindex/iosApp.build/Debug-iphonesimulator/iosApp.build/Objects-normal/arm64/iosApp_const_extract_protocols.json -Xcc -iquote -Xcc /Users/hieuvu/Library/Developer/Xcode/DerivedData/iosApp-bizzlwxnbcgzzldgvticrfgfpivi/Build/Intermediates.noindex/iosApp.build/Debug-iphonesimulator/iosApp.build/Supabuckt-generated-files.hmap -Xcc -I/Users/hieuvu/Library/Developer/Xcode/DerivedData/iosApp-bizzlwxnbcgzzldgvticrfgfpivi/Build/Intermediates.noindex/iosApp.build/Debug-iphonesimulator/iosApp.build/Supabuckt-own-target-headers.hmap -Xcc -I/Users/hieuvu/Library/Developer/Xcode/DerivedData/iosApp-bizzlwxnbcgzzldgvticrfgfpivi/Build/Intermediates.noindex/iosApp.build/Debug-iphonesimulator/iosApp.build/Supabuckt-all-non-framework-target-headers.hmap -Xcc -ivfsoverlay -Xcc /Users/hieuvu/Library/Developer/Xcode/DerivedData/iosApp-bizzlwxnbcgzzldgvticrfgfpivi/Build/Intermediates.noindex/iosApp.build/Debug-iphonesimulator/iosApp-7b79493a8b7fc1f2fff3c51cd12ba024-VFS-iphonesimulator/all-product-headers.yaml -Xcc -iquote -Xcc /Users/hieuvu/Library/Developer/Xcode/DerivedData/iosApp-bizzlwxnbcgzzldgvticrfgfpivi/Build/Intermediates.noindex/iosApp.build/Debug-iphonesimulator/iosApp.build/Supabuckt-project-headers.hmap -Xcc -I/Users/hieuvu/Library/Developer/Xcode/DerivedData/iosApp-bizzlwxnbcgzzldgvticrfgfpivi/Build/Products/Debug-iphonesimulator/include -Xcc -I/Users/hieuvu/Library/Developer/Xcode/DerivedData/iosApp-bizzlwxnbcgzzldgvticrfgfpivi/Build/Intermediates.noindex/iosApp.build/Debug-iphonesimulator/iosApp.build/DerivedSources-normal/arm64 -Xcc -I/Users/hieuvu/Library/Developer/Xcode/DerivedData/iosApp-bizzlwxnbcgzzldgvticrfgfpivi/Build/Intermediates.noindex/iosApp.build/Debug-iphonesimulator/iosApp.build/DerivedSources/arm64 -Xcc -I/Users/hieuvu/Library/Developer/Xcode/DerivedData/iosApp-bizzlwxnbcgzzldgvticrfgfpivi/Build/Intermediates.noindex/iosApp.build/Debug-iphonesimulator/iosApp.build/DerivedSources -Xcc -DDEBUG\=1 -emit-objc-header -emit-objc-header-path /Users/hieuvu/Library/Developer/Xcode/DerivedData/iosApp-bizzlwxnbcgzzldgvticrfgfpivi/Build/Intermediates.noindex/iosApp.build/Debug-iphonesimulator/iosApp.build/Objects-normal/arm64/Supabuckt-Swift.h -working-directory /Users/hieuvu/Projects/supabase-storage-client/iosApp -experimental-emit-module-separately -disable-cmo

SwiftDriverJobDiscovery normal arm64 Compiling ContentView.swift (in target 'iosApp' from project 'iosApp')

SwiftDriverJobDiscovery normal arm64 Compiling iOSApp.swift (in target 'iosApp' from project 'iosApp')

SwiftDriverJobDiscovery normal arm64 Compiling GeneratedAssetSymbols.swift (in target 'iosApp' from project 'iosApp')

SwiftDriver\ Compilation iosApp normal arm64 com.apple.xcode.tools.swift.compiler (in target 'iosApp' from project 'iosApp')
    cd /Users/hieuvu/Projects/supabase-storage-client/iosApp
    builtin-Swift-Compilation -- /Applications/Xcode.app/Contents/Developer/Toolchains/XcodeDefault.xctoolchain/usr/bin/swiftc -module-name Supabuckt -Onone -enforce-exclusivity\=checked @/Users/hieuvu/Library/Developer/Xcode/DerivedData/iosApp-bizzlwxnbcgzzldgvticrfgfpivi/Build/Intermediates.noindex/iosApp.build/Debug-iphonesimulator/iosApp.build/Objects-normal/arm64/Supabuckt.SwiftFileList -DDEBUG -enable-bare-slash-regex -enable-experimental-feature DebugDescriptionMacro -sdk /Applications/Xcode.app/Contents/Developer/Platforms/iPhoneSimulator.platform/Developer/SDKs/iPhoneSimulator26.2.sdk -target arm64-apple-ios18.2-simulator -g -module-cache-path /Users/hieuvu/Library/Developer/Xcode/DerivedData/ModuleCache.noindex -Xfrontend -serialize-debugging-options -enable-testing -index-store-path /Users/hieuvu/Library/Developer/Xcode/DerivedData/iosApp-bizzlwxnbcgzzldgvticrfgfpivi/Index.noindex/DataStore -Xcc -D_LIBCPP_HARDENING_MODE\=_LIBCPP_HARDENING_MODE_DEBUG -swift-version 5 -I /Users/hieuvu/Library/Developer/Xcode/DerivedData/iosApp-bizzlwxnbcgzzldgvticrfgfpivi/Build/Products/Debug-iphonesimulator -F /Users/hieuvu/Library/Developer/Xcode/DerivedData/iosApp-bizzlwxnbcgzzldgvticrfgfpivi/Build/Products/Debug-iphonesimulator/PackageFrameworks -F /Users/hieuvu/Library/Developer/Xcode/DerivedData/iosApp-bizzlwxnbcgzzldgvticrfgfpivi/Build/Products/Debug-iphonesimulator/PackageFrameworks -F /Users/hieuvu/Library/Developer/Xcode/DerivedData/iosApp-bizzlwxnbcgzzldgvticrfgfpivi/Build/Products/Debug-iphonesimulator/PackageFrameworks -F /Users/hieuvu/Library/Developer/Xcode/DerivedData/iosApp-bizzlwxnbcgzzldgvticrfgfpivi/Build/Products/Debug-iphonesimulator/PackageFrameworks -F /Users/hieuvu/Library/Developer/Xcode/DerivedData/iosApp-bizzlwxnbcgzzldgvticrfgfpivi/Build/Products/Debug-iphonesimulator -F /Users/hieuvu/Projects/supabase-storage-client/composeApp/build/xcode-frameworks/Debug/iphonesimulator26.2 -emit-localized-strings -emit-localized-strings-path /Users/hieuvu/Library/Developer/Xcode/DerivedData/iosApp-bizzlwxnbcgzzldgvticrfgfpivi/Build/Intermediates.noindex/iosApp.build/Debug-iphonesimulator/iosApp.build/Objects-normal/arm64 -c -j10 -enable-batch-mode -incremental -Xcc -ivfsstatcache -Xcc /Users/hieuvu/Library/Developer/Xcode/DerivedData/SDKStatCaches.noindex/iphonesimulator26.2-23C57-7d00a8b37fbd7999ea79df8ebc024bf0.sdkstatcache -output-file-map /Users/hieuvu/Library/Developer/Xcode/DerivedData/iosApp-bizzlwxnbcgzzldgvticrfgfpivi/Build/Intermediates.noindex/iosApp.build/Debug-iphonesimulator/iosApp.build/Objects-normal/arm64/iosApp-OutputFileMap.json -use-frontend-parseable-output -save-temps -no-color-diagnostics -explicit-module-build -module-cache-path /Users/hieuvu/Library/Developer/Xcode/DerivedData/iosApp-bizzlwxnbcgzzldgvticrfgfpivi/Build/Intermediates.noindex/SwiftExplicitPrecompiledModules -clang-scanner-module-cache-path /Users/hieuvu/Library/Developer/Xcode/DerivedData/ModuleCache.noindex -sdk-module-cache-path /Users/hieuvu/Library/Developer/Xcode/DerivedData/ModuleCache.noindex -serialize-diagnostics -emit-dependencies -emit-module -emit-module-path /Users/hieuvu/Library/Developer/Xcode/DerivedData/iosApp-bizzlwxnbcgzzldgvticrfgfpivi/Build/Intermediates.noindex/iosApp.build/Debug-iphonesimulator/iosApp.build/Objects-normal/arm64/Supabuckt.swiftmodule -validate-clang-modules-once -clang-build-session-file /Users/hieuvu/Library/Developer/Xcode/DerivedData/ModuleCache.noindex/Session.modulevalidation -Xcc -I/Users/hieuvu/Library/Developer/Xcode/DerivedData/iosApp-bizzlwxnbcgzzldgvticrfgfpivi/Build/Intermediates.noindex/iosApp.build/Debug-iphonesimulator/iosApp.build/swift-overrides.hmap -emit-const-values -Xfrontend -const-gather-protocols-file -Xfrontend /Users/hieuvu/Library/Developer/Xcode/DerivedData/iosApp-bizzlwxnbcgzzldgvticrfgfpivi/Build/Intermediates.noindex/iosApp.build/Debug-iphonesimulator/iosApp.build/Objects-normal/arm64/iosApp_const_extract_protocols.json -Xcc -iquote -Xcc /Users/hieuvu/Library/Developer/Xcode/DerivedData/iosApp-bizzlwxnbcgzzldgvticrfgfpivi/Build/Intermediates.noindex/iosApp.build/Debug-iphonesimulator/iosApp.build/Supabuckt-generated-files.hmap -Xcc -I/Users/hieuvu/Library/Developer/Xcode/DerivedData/iosApp-bizzlwxnbcgzzldgvticrfgfpivi/Build/Intermediates.noindex/iosApp.build/Debug-iphonesimulator/iosApp.build/Supabuckt-own-target-headers.hmap -Xcc -I/Users/hieuvu/Library/Developer/Xcode/DerivedData/iosApp-bizzlwxnbcgzzldgvticrfgfpivi/Build/Intermediates.noindex/iosApp.build/Debug-iphonesimulator/iosApp.build/Supabuckt-all-non-framework-target-headers.hmap -Xcc -ivfsoverlay -Xcc /Users/hieuvu/Library/Developer/Xcode/DerivedData/iosApp-bizzlwxnbcgzzldgvticrfgfpivi/Build/Intermediates.noindex/iosApp.build/Debug-iphonesimulator/iosApp-7b79493a8b7fc1f2fff3c51cd12ba024-VFS-iphonesimulator/all-product-headers.yaml -Xcc -iquote -Xcc /Users/hieuvu/Library/Developer/Xcode/DerivedData/iosApp-bizzlwxnbcgzzldgvticrfgfpivi/Build/Intermediates.noindex/iosApp.build/Debug-iphonesimulator/iosApp.build/Supabuckt-project-headers.hmap -Xcc -I/Users/hieuvu/Library/Developer/Xcode/DerivedData/iosApp-bizzlwxnbcgzzldgvticrfgfpivi/Build/Products/Debug-iphonesimulator/include -Xcc -I/Users/hieuvu/Library/Developer/Xcode/DerivedData/iosApp-bizzlwxnbcgzzldgvticrfgfpivi/Build/Intermediates.noindex/iosApp.build/Debug-iphonesimulator/iosApp.build/DerivedSources-normal/arm64 -Xcc -I/Users/hieuvu/Library/Developer/Xcode/DerivedData/iosApp-bizzlwxnbcgzzldgvticrfgfpivi/Build/Intermediates.noindex/iosApp.build/Debug-iphonesimulator/iosApp.build/DerivedSources/arm64 -Xcc -I/Users/hieuvu/Library/Developer/Xcode/DerivedData/iosApp-bizzlwxnbcgzzldgvticrfgfpivi/Build/Intermediates.noindex/iosApp.build/Debug-iphonesimulator/iosApp.build/DerivedSources -Xcc -DDEBUG\=1 -emit-objc-header -emit-objc-header-path /Users/hieuvu/Library/Developer/Xcode/DerivedData/iosApp-bizzlwxnbcgzzldgvticrfgfpivi/Build/Intermediates.noindex/iosApp.build/Debug-iphonesimulator/iosApp.build/Objects-normal/arm64/Supabuckt-Swift.h -working-directory /Users/hieuvu/Projects/supabase-storage-client/iosApp -experimental-emit-module-separately -disable-cmo

Copy /Users/hieuvu/Library/Developer/Xcode/DerivedData/iosApp-bizzlwxnbcgzzldgvticrfgfpivi/Build/Products/Debug-iphonesimulator/Supabuckt.swiftmodule/arm64-apple-ios-simulator.abi.json /Users/hieuvu/Library/Developer/Xcode/DerivedData/iosApp-bizzlwxnbcgzzldgvticrfgfpivi/Build/Intermediates.noindex/iosApp.build/Debug-iphonesimulator/iosApp.build/Objects-normal/arm64/Supabuckt.abi.json (in target 'iosApp' from project 'iosApp')
    cd /Users/hieuvu/Projects/supabase-storage-client/iosApp
    builtin-copy -exclude .DS_Store -exclude CVS -exclude .svn -exclude .git -exclude .hg -resolve-src-symlinks -rename /Users/hieuvu/Library/Developer/Xcode/DerivedData/iosApp-bizzlwxnbcgzzldgvticrfgfpivi/Build/Intermediates.noindex/iosApp.build/Debug-iphonesimulator/iosApp.build/Objects-normal/arm64/Supabuckt.abi.json /Users/hieuvu/Library/Developer/Xcode/DerivedData/iosApp-bizzlwxnbcgzzldgvticrfgfpivi/Build/Products/Debug-iphonesimulator/Supabuckt.swiftmodule/arm64-apple-ios-simulator.abi.json

Ld /Users/hieuvu/Library/Developer/Xcode/DerivedData/iosApp-bizzlwxnbcgzzldgvticrfgfpivi/Build/Products/Debug-iphonesimulator/Supabuckt.app/Supabuckt.debug.dylib normal (in target 'iosApp' from project 'iosApp')
    cd /Users/hieuvu/Projects/supabase-storage-client/iosApp
    /Applications/Xcode.app/Contents/Developer/Toolchains/XcodeDefault.xctoolchain/usr/bin/clang -Xlinker -reproducible -target arm64-apple-ios18.2-simulator -dynamiclib -isysroot /Applications/Xcode.app/Contents/Developer/Platforms/iPhoneSimulator.platform/Developer/SDKs/iPhoneSimulator26.2.sdk -O0 -L/Users/hieuvu/Library/Developer/Xcode/DerivedData/iosApp-bizzlwxnbcgzzldgvticrfgfpivi/Build/Intermediates.noindex/EagerLinkingTBDs/Debug-iphonesimulator -L/Users/hieuvu/Library/Developer/Xcode/DerivedData/iosApp-bizzlwxnbcgzzldgvticrfgfpivi/Build/Products/Debug-iphonesimulator -F/Users/hieuvu/Library/Developer/Xcode/DerivedData/iosApp-bizzlwxnbcgzzldgvticrfgfpivi/Build/Intermediates.noindex/EagerLinkingTBDs/Debug-iphonesimulator -F/Users/hieuvu/Library/Developer/Xcode/DerivedData/iosApp-bizzlwxnbcgzzldgvticrfgfpivi/Build/Products/Debug-iphonesimulator/PackageFrameworks -F/Users/hieuvu/Library/Developer/Xcode/DerivedData/iosApp-bizzlwxnbcgzzldgvticrfgfpivi/Build/Products/Debug-iphonesimulator/PackageFrameworks -F/Users/hieuvu/Library/Developer/Xcode/DerivedData/iosApp-bizzlwxnbcgzzldgvticrfgfpivi/Build/Products/Debug-iphonesimulator/PackageFrameworks -F/Users/hieuvu/Library/Developer/Xcode/DerivedData/iosApp-bizzlwxnbcgzzldgvticrfgfpivi/Build/Products/Debug-iphonesimulator/PackageFrameworks -F/Users/hieuvu/Library/Developer/Xcode/DerivedData/iosApp-bizzlwxnbcgzzldgvticrfgfpivi/Build/Products/Debug-iphonesimulator -F/Users/hieuvu/Projects/supabase-storage-client/composeApp/build/xcode-frameworks/Debug/iphonesimulator26.2 -filelist /Users/hieuvu/Library/Developer/Xcode/DerivedData/iosApp-bizzlwxnbcgzzldgvticrfgfpivi/Build/Intermediates.noindex/iosApp.build/Debug-iphonesimulator/iosApp.build/Objects-normal/arm64/Supabuckt.LinkFileList -install_name @rpath/Supabuckt.debug.dylib -Xlinker -rpath -Xlinker /usr/lib/swift -Xlinker -rpath -Xlinker /Users/hieuvu/Library/Developer/Xcode/DerivedData/iosApp-bizzlwxnbcgzzldgvticrfgfpivi/Build/Products/Debug-iphonesimulator/PackageFrameworks -Xlinker -rpath -Xlinker @executable_path/Frameworks -dead_strip -Xlinker -object_path_lto -Xlinker /Users/hieuvu/Library/Developer/Xcode/DerivedData/iosApp-bizzlwxnbcgzzldgvticrfgfpivi/Build/Intermediates.noindex/iosApp.build/Debug-iphonesimulator/iosApp.build/Objects-normal/arm64/Supabuckt_lto.o -rdynamic -Xlinker -no_deduplicate -Xlinker -objc_abi_version -Xlinker 2 -Xlinker -dependency_info -Xlinker /Users/hieuvu/Library/Developer/Xcode/DerivedData/iosApp-bizzlwxnbcgzzldgvticrfgfpivi/Build/Intermediates.noindex/iosApp.build/Debug-iphonesimulator/iosApp.build/Objects-normal/arm64/Supabuckt_dependency_info.dat -fobjc-link-runtime -L/Applications/Xcode.app/Contents/Developer/Toolchains/XcodeDefault.xctoolchain/usr/lib/swift/iphonesimulator -L/usr/lib/swift -Xlinker -add_ast_path -Xlinker /Users/hieuvu/Library/Developer/Xcode/DerivedData/iosApp-bizzlwxnbcgzzldgvticrfgfpivi/Build/Intermediates.noindex/iosApp.build/Debug-iphonesimulator/iosApp.build/Objects-normal/arm64/Supabuckt.swiftmodule @/Users/hieuvu/Library/Developer/Xcode/DerivedData/iosApp-bizzlwxnbcgzzldgvticrfgfpivi/Build/Intermediates.noindex/iosApp.build/Debug-iphonesimulator/iosApp.build/Objects-normal/arm64/Supabuckt-linker-args.resp -Wl,-no_warn_duplicate_libraries -Wl,-no_warn_duplicate_libraries -Wl,-no_warn_duplicate_libraries -Wl,-no_warn_duplicate_libraries -Xlinker -alias -Xlinker _main -Xlinker ___debug_main_executable_dylib_entry_point -framework ComposeApp -Xlinker -no_adhoc_codesign -o /Users/hieuvu/Library/Developer/Xcode/DerivedData/iosApp-bizzlwxnbcgzzldgvticrfgfpivi/Build/Products/Debug-iphonesimulator/Supabuckt.app/Supabuckt.debug.dylib -Xlinker -add_ast_path -Xlinker /Users/hieuvu/Library/Developer/Xcode/DerivedData/iosApp-bizzlwxnbcgzzldgvticrfgfpivi/Build/Intermediates.noindex/PurchasesHybridCommon.build/Debug-iphonesimulator/PurchasesHybridCommonUI.build/Objects-normal/arm64/PurchasesHybridCommonUI.swiftmodule @/Users/hieuvu/Library/Developer/Xcode/DerivedData/iosApp-bizzlwxnbcgzzldgvticrfgfpivi/Build/Intermediates.noindex/PurchasesHybridCommon.build/Debug-iphonesimulator/PurchasesHybridCommonUI.build/Objects-normal/arm64/PurchasesHybridCommonUI-linker-args.resp -Xlinker -add_ast_path -Xlinker /Users/hieuvu/Library/Developer/Xcode/DerivedData/iosApp-bizzlwxnbcgzzldgvticrfgfpivi/Build/Intermediates.noindex/RevenueCat.build/Debug-iphonesimulator/RevenueCat.build/Objects-normal/arm64/RevenueCat.swiftmodule @/Users/hieuvu/Library/Developer/Xcode/DerivedData/iosApp-bizzlwxnbcgzzldgvticrfgfpivi/Build/Intermediates.noindex/RevenueCat.build/Debug-iphonesimulator/RevenueCat.build/Objects-normal/arm64/RevenueCat-linker-args.resp -Xlinker -add_ast_path -Xlinker /Users/hieuvu/Library/Developer/Xcode/DerivedData/iosApp-bizzlwxnbcgzzldgvticrfgfpivi/Build/Intermediates.noindex/PurchasesHybridCommon.build/Debug-iphonesimulator/PurchasesHybridCommon.build/Objects-normal/arm64/PurchasesHybridCommon.swiftmodule @/Users/hieuvu/Library/Developer/Xcode/DerivedData/iosApp-bizzlwxnbcgzzldgvticrfgfpivi/Build/Intermediates.noindex/PurchasesHybridCommon.build/Debug-iphonesimulator/PurchasesHybridCommon.build/Objects-normal/arm64/PurchasesHybridCommon-linker-args.resp -Xlinker -add_ast_path -Xlinker /Users/hieuvu/Library/Developer/Xcode/DerivedData/iosApp-bizzlwxnbcgzzldgvticrfgfpivi/Build/Intermediates.noindex/RevenueCat.build/Debug-iphonesimulator/RevenueCatUI.build/Objects-normal/arm64/RevenueCatUI.swiftmodule @/Users/hieuvu/Library/Developer/Xcode/DerivedData/iosApp-bizzlwxnbcgzzldgvticrfgfpivi/Build/Intermediates.noindex/RevenueCat.build/Debug-iphonesimulator/RevenueCatUI.build/Objects-normal/arm64/RevenueCatUI-linker-args.resp
ld: warning: Could not find or use auto-linked framework 'CoreAudioTypes': framework 'CoreAudioTypes' not found
ld: warning: Could not find or use auto-linked framework 'UIUtilities': framework 'UIUtilities' not found
ld: warning: Could not find or use auto-linked framework 'PurchasesHybridCommon': framework 'PurchasesHybridCommon' not found
ld: warning: Could not find or use auto-linked framework 'PurchasesHybridCommonUI': framework 'PurchasesHybridCommonUI' not found
ld: warning: Could not find or use auto-linked framework 'RevenueCat': framework 'RevenueCat' not found
ld: warning: Could not find or use auto-linked framework 'RevenueCatUI': framework 'RevenueCatUI' not found
ld: warning: Could not parse or use implicit file '/Applications/Xcode.app/Contents/Developer/Platforms/iPhoneSimulator.platform/Developer/SDKs/iPhoneSimulator.sdk/System/Library/Frameworks/SwiftUICore.framework/SwiftUICore.tbd': cannot link directly with 'SwiftUICore' because product being built is not an allowed client of it
Undefined symbols for architecture arm64:
  "_sqlite3_bind_blob", referenced from:
      _co_touchlab_sqliter_sqlite3_sqlite3_bind_blob_wrapper68 in ComposeApp[2](ComposeApp.framework.o)
  "_sqlite3_bind_double", referenced from:
      _co_touchlab_sqliter_sqlite3_sqlite3_bind_double_wrapper70 in ComposeApp[2](ComposeApp.framework.o)
  "_sqlite3_bind_int64", referenced from:
      _co_touchlab_sqliter_sqlite3_sqlite3_bind_int64_wrapper72 in ComposeApp[2](ComposeApp.framework.o)
  "_sqlite3_bind_null", referenced from:
      _co_touchlab_sqliter_sqlite3_sqlite3_bind_null_wrapper73 in ComposeApp[2](ComposeApp.framework.o)
  "_sqlite3_bind_parameter_index", referenced from:
      _co_touchlab_sqliter_sqlite3_sqlite3_bind_parameter_index_wrapper83 in ComposeApp[2](ComposeApp.framework.o)
  "_sqlite3_bind_text", referenced from:
      _co_touchlab_sqliter_sqlite3_sqlite3_bind_text_wrapper74 in ComposeApp[2](ComposeApp.framework.o)
  "_sqlite3_bind_zeroblob", referenced from:
      _co_touchlab_sqliter_sqlite3_sqlite3_bind_zeroblob_wrapper79 in ComposeApp[2](ComposeApp.framework.o)
  "_sqlite3_busy_timeout", referenced from:
      _co_touchlab_sqliter_sqlite3_sqlite3_busy_timeout_wrapper22 in ComposeApp[2](ComposeApp.framework.o)
  "_sqlite3_changes", referenced from:
      _co_touchlab_sqliter_sqlite3_sqlite3_changes_wrapper16 in ComposeApp[2](ComposeApp.framework.o)
  "_sqlite3_clear_bindings", referenced from:
      _co_touchlab_sqliter_sqlite3_sqlite3_clear_bindings_wrapper84 in ComposeApp[2](ComposeApp.framework.o)
  "_sqlite3_close", referenced from:
      _co_touchlab_sqliter_sqlite3_sqlite3_close_wrapper6 in ComposeApp[2](ComposeApp.framework.o)
  "_sqlite3_close_v2", referenced from:
      _co_touchlab_sqliter_sqlite3_sqlite3_close_v2_wrapper7 in ComposeApp[2](ComposeApp.framework.o)
  "_sqlite3_column_blob", referenced from:
      _co_touchlab_sqliter_sqlite3_sqlite3_column_blob_wrapper92 in ComposeApp[2](ComposeApp.framework.o)
  "_sqlite3_column_bytes", referenced from:
      _co_touchlab_sqliter_sqlite3_sqlite3_column_bytes_wrapper99 in ComposeApp[2](ComposeApp.framework.o)
  "_sqlite3_column_count", referenced from:
      _co_touchlab_sqliter_sqlite3_sqlite3_column_count_wrapper85 in ComposeApp[2](ComposeApp.framework.o)
  "_sqlite3_column_double", referenced from:
      _co_touchlab_sqliter_sqlite3_sqlite3_column_double_wrapper93 in ComposeApp[2](ComposeApp.framework.o)
  "_sqlite3_column_int64", referenced from:
      _co_touchlab_sqliter_sqlite3_sqlite3_column_int64_wrapper95 in ComposeApp[2](ComposeApp.framework.o)
  "_sqlite3_column_name", referenced from:
      _co_touchlab_sqliter_sqlite3_sqlite3_column_name_wrapper86 in ComposeApp[2](ComposeApp.framework.o)
  "_sqlite3_column_text", referenced from:
      _co_touchlab_sqliter_sqlite3_sqlite3_column_text_wrapper96 in ComposeApp[2](ComposeApp.framework.o)
  "_sqlite3_column_type", referenced from:
      _co_touchlab_sqliter_sqlite3_sqlite3_column_type_wrapper101 in ComposeApp[2](ComposeApp.framework.o)
  "_sqlite3_db_config", referenced from:
      knifunptr_co_touchlab_sqliter_sqlite314_sqlite3_db_config in ComposeApp[2](ComposeApp.framework.o)
  "_sqlite3_db_readonly", referenced from:
      _co_touchlab_sqliter_sqlite3_sqlite3_db_readonly_wrapper167 in ComposeApp[2](ComposeApp.framework.o)
  "_sqlite3_errmsg", referenced from:
      _co_touchlab_sqliter_sqlite3_sqlite3_errmsg_wrapper53 in ComposeApp[2](ComposeApp.framework.o)
  "_sqlite3_exec", referenced from:
      _co_touchlab_sqliter_sqlite3_sqlite3_exec_wrapper8 in ComposeApp[2](ComposeApp.framework.o)
  "_sqlite3_finalize", referenced from:
      _co_touchlab_sqliter_sqlite3_sqlite3_finalize_wrapper102 in ComposeApp[2](ComposeApp.framework.o)
  "_sqlite3_last_insert_rowid", referenced from:
      _co_touchlab_sqliter_sqlite3_sqlite3_last_insert_rowid_wrapper14 in ComposeApp[2](ComposeApp.framework.o)
  "_sqlite3_open_v2", referenced from:
      _co_touchlab_sqliter_sqlite3_sqlite3_open_v2_wrapper43 in ComposeApp[2](ComposeApp.framework.o)
  "_sqlite3_prepare16_v2", referenced from:
      _co_touchlab_sqliter_sqlite3_sqlite3_prepare16_v2_wrapper61 in ComposeApp[2](ComposeApp.framework.o)
  "_sqlite3_reset", referenced from:
      _co_touchlab_sqliter_sqlite3_sqlite3_reset_wrapper103 in ComposeApp[2](ComposeApp.framework.o)
  "_sqlite3_step", referenced from:
      _co_touchlab_sqliter_sqlite3_sqlite3_step_wrapper90 in ComposeApp[2](ComposeApp.framework.o)
ld: symbol(s) not found for architecture arm64
clang: error: linker command failed with exit code 1 (use -v to see invocation)

** BUILD FAILED **


The following build commands failed:
	Ld /Users/hieuvu/Library/Developer/Xcode/DerivedData/iosApp-bizzlwxnbcgzzldgvticrfgfpivi/Build/Products/Debug-iphonesimulator/Supabuckt.app/Supabuckt.debug.dylib normal (in target 'iosApp' from project 'iosApp')
	Building project iosApp with scheme iosApp and configuration Debug
(2 failures)
